Workbook

Sheet Resultats Reals
A1: Grup | B1: Posició | C1: Equip | E1: Setzens | F1: Vuitens | G1: Quarts | H1: Semis | I1: Finalistes | J1: Campió | K1: MVP | L1: Resultat Final | N1: Jugador Pichichi | O1: Gols
A2: Grup A | B2: 1r | C2: Mèxic | E2: =+C2 -> Mèxic | F2: Canadà | G2: Marroc | H2: França | I2: Pendent | J2: Pendent | K2: Pendent | L2: Pendent | N2: Lionel Messi | O2: 8
A3: Grup A | B3: 2n | C3: Sud-àfrica | E3: =+C3 -> Sud-àfrica | F3: Brasil | G3: França | H3: Espanya | I3: Pendent | N3: Kylian Mbappé | O3: 8
A4: Grup A | B4: 3r | C4: Corea del Sud | E4: =+C5 -> Suïssa | F4: Marroc | G4: Noruega | H4: Anglaterra | N4: Erling Haaland | O4: 7
A5: Grup B | B5: 1r | C5: Suïssa | E5: =+C6 -> Canadà | F5: Paraguai | G5: Anglaterra | H5: Argentina | N5: Harry Kane | O5: 6
A6: Grup B | B6: 2n | C6: Canadà | E6: =+C8 -> Brasil | F6: Noruega | G6: Bèlgica | N6: Vinícius Júnior | O6: 4
A7: Grup B | B7: 3r | C7: Bòsnia i Hercegovina | E7: =+C9 -> Marroc | F7: França | G7: Espanya | N7: Mikel Oyarzabal | O7: 4
A8: Grup C | B8: 1r | C8: Brasil | E8: =+C11 -> Estats Units | F8: Mèxic | G8: Suïssa | N8: Lamine Yamal | O8: 1
A9: Grup C | B9: 2n | C9: Marroc | E9: =+C12 -> Austràlia | F9: Anglaterra | G9: Argentina | N9: Endrick | O9: 0
A10: Grup C | B10: 3r | C10: Escòcia | E10: =+C14 -> Alemanya | F10: Estats Units | N10: Ferran Torres | O10: 0
A11: Grup D | B11: 1r | C11: Estats Units | E11: =+C15 -> Costa d'Ivori | F11: Bèlgica | N11: Julián Álvarez | O11: 1
A12: Grup D | B12: 2n | C12: Austràlia | E12: =+C17 -> Països Baixos | F12: Suïssa | N12: Nico Williams | O12: 0
A13: Grup D | B13: 3r | C13: Paraguai | E13: =+C18 -> Japó | F13: Espanya | N13: Rodri | O13: 0
A14: Grup E | B14: 1r | C14: Alemanya | E14: =+C20 -> Bèlgica | F14: Portugal | N14: Sørloth | O14: 0
A15: Grup E | B15: 2n | C15: Costa d'Ivori | E15: =+C21 -> Egipte | F15: Egipte
A16: Grup E | B16: 3r | C16: Equador | E16: =+C23 -> Espanya | F16: Argentina
A17: Grup F | B17: 1r | C17: Països Baixos | E17: =+C24 -> Cap Verd | F17: Colòmbia
A18: Grup F | B18: 2n | C18: Japó | E18: =+C26 -> França
A19: Grup F | B19: 3r | C19: Suècia | E19: =+C27 -> Noruega
A20: Grup G | B20: 1r | C20: Bèlgica | E20: =+C29 -> Argentina
A21: Grup G | B21: 2n | C21: Egipte | E21: =+C30 -> Àustria
A22: Grup G | B22: 3r | C22: Iran | E22: =+C32 -> Colòmbia
A23: Grup H | B23: 1r | C23: Espanya | E23: =+C33 -> Portugal
A24: Grup H | B24: 2n | C24: Cap Verd | E24: =+C35 -> Anglaterra
A25: Grup H | B25: 3r | C25: Uruguai | E25: =+C36 -> Croàcia
A26: Grup I | B26: 1r | C26: França | E26: RD Congo
A27: Grup I | B27: 2n | C27: Noruega | E27: Suècia
A28: Grup I | B28: 3r | C28: Senegal | E28: Ghana
A29: Grup J | B29: 1r | C29: Argentina | E29: Equador
A30: Grup J | B30: 2n | C30: Àustria | E30: Bòsnia i Hercegovina
A31: Grup J | B31: 3r | C31: Algèria | E31: Paraguai
A32: Grup K | B32: 1r | C32: Colòmbia | E32: Algèria
A33: Grup K | B33: 2n | C33: Portugal | E33: Senegal
A34: Grup K | B34: 3r | C34: RD Congo
A35: Grup L | B35: 1r | C35: Anglaterra
A36: Grup L | B36: 2n | C36: Croàcia
A37: Grup L | B37: 3r | C37: Ghana

Sheet Calendari
A1: Fase | B1: Partit | C1: Data | D1: Hora | E1: Resultat
A2: Setzens de final | B2: Sud-àfrica vs Canadà | C2: 46201 | D2: Finalitzat | E2: 0-1
A3: Setzens de final | B3: Brasil vs Japó | C3: 46202 | D3: Finalitzat | E3: 2-1
A4: Setzens de final | B4: Alemanya vs Paraguai | C4: 46202 | D4: Finalitzat | E4: 1(3)-1(4)
A5: Setzens de final | B5: Països Baixos vs Marroc | C5: 46203 | D5: Finalitzat | E5: 1(2)-1(3)
A6: Setzens de final | B6: Costa d'Ivori vs Noruega | C6: 46203 | D6: Finalitzat | E6: 1-2
A7: Setzens de final | B7: França vs Suècia | C7: 46203 | D7: Finalitzat | E7: 3-0
A8: Setzens de final | B8: Mèxic vs Equador | C8: 46204 | D8: Finalitzat | E8: 2-0
A9: Setzens de final | B9: Anglaterra vs RD Congo | C9: 46204 | D9: Finalitzat | E9: 2-1
A10: Setzens de final | B10: Bèlgica vs Senegal | C10: 46204 | D10: Finalitzat | E10: 3-2
A11: Setzens de final | B11: Estats Units vs Bòsnia i Hercegovina | C11: 46205 | D11: Finalitzat | E11: 2-0
A12: Setzens de final | B12: Espanya vs Àustria | C12: 46205 | D12: Finalitzat | E12: 3-0
A13: Setzens de final | B13: Portugal vs Croàcia | C13: 46206 | D13: Finalitzat | E13: 2-1
... A33: Final | B33: Pendent rivals | C33: 46222 | D33: 21:00h | E33: Pendent

Sheet Porra
A1: Participants | B1: Departament | C1: Grup A 1r | D1: Grup B 1r | E1: Grup C 1r | F1: Grup D 1r | G1: Grup E 1r | H1: Grup F 1r | I1: Grup G 1r | J1: Grup H 1r | K1: Grup I 1r | L1: Grup J 1r | M1: Grup K 1r | N1: Grup L 1r | O1: Grup A 2n | P1: Grup B 2n | Q1: Grup C 2n | R1: Grup D 2n | S1: Grup E 2n | T1: Grup F 2n | U1: Grup G 2n | V1: Grup H 2n | W1: Grup I 2n | X1: Grup J 2n | Y1: Grup K 2n | Z1: Grup L 2n | AA1: Grup A 3r | AB1: Grup B 3r | AC1: Grup C 3r | AD1: Grup D 3r | AE1: Grup E 3r | AF1: Grup F 3r | AG1: Grup G 3r | AH1: Grup H 3r | AI1: Grup I 3r | AJ1: Grup J 3r | AK1: Grup K 3r | AL1: Grup L 3r | AM1: Vuitens_1 | AN1: Vuitens_2 | AO1: Vuitens_3 | AP1: Vuitens_4 | AQ1: Vuitens_5 | AR1: Vuitens_6 | AS1: Vuitens_7 | AT1: Vuitens_8 | AU1: Vuitens_9 | AV1: Vuitens_10 | AW1: Vuitens_11 | AX1: Vuitens_12 | AY1: Vuitens_13 | AZ1: Vuitens_14 | BA1: Vuitens_15 | BB1: Vuitens_16 | BC1: Quarts_1 | BD1: Quarts_2 | BE1: Quarts_3 | BF1: Quarts_4 | BG1: Quarts_5 | BH1: Quarts_6 | BI1: Quarts_7 | BJ1: Quarts_8 | BK1: Semis_1 | BL1: Semis_2 | BM1: Semis_3 | BN1: Semis_4 | BO1: Final_1 | BP1: Final_2 | BQ1: Campió | BR1: Resultat final | BS1: MVP | BT1: Pichichi | BU1: Punts Grups 1r | BV1: Punts Grups 2n | BW1: Punts Grups 3r | BX1: Punts Vuitens | BY1: Punts Quarts | BZ1: Punts Semis | CA1: Punts Finalistes | CB1: Punts Campió | CC1: Punts MVP | CD1: Punts Pichichi | CE1: Resultat Final | CF1: Total Punts
A2: Rhandy Sosa | B2: Manteniment | C2: Mèxic | D2: Suïssa | E2: Brasil | F2: Estats Units | G2: Alemanya | H2: Països Baixos | I2: Bèlgica | J2: Espanya | K2: França | L2: Argentina | M2: Portugal | N2: Anglaterra | O2: Corea del Sud | P2: Canadà | Q2: Marroc | R2: Turquia | S2: Equador | T2: Japó | U2: Iran | V2: Uruguai | W2: Noruega | X2: Àustria | Y2: Colòmbia | Z2: Croàcia | AA2: República Txeca | AB2: Bòsnia i Hercegovina | AC2: Escòcia | AD2: Paraguai | AE2: Costa d'Ivori | AF2: Suècia | AG2: Egipte | AH2: Cap Verd | AI2: Senegal | AJ2: Algèria | AK2: Uzbekistan | AL2: Ghana | AM2: Alemanya | AN2: França | AO2: Corea del Sud | AP2: Països Baixos | AQ2: Colòmbia | AR2: Espanya | AS2: Estats Units | AT2: Bèlgica | AU2: Brasil | AV2: Equador | AW2: Mèxic | AX2: Anglaterra | AY2: Argentina | AZ2: Turquia | BA2: Suïssa | BB2: Portugal | BC2: França | BD2: Països Baixos | BE2: Espanya | BF2: Bèlgica | BG2: Brasil | BH2: Anglaterra | BI2: Argentina | BJ2: Portugal | BK2: França | BL2: Espanya | BM2: Brasil | BN2: Argentina | BO2: França | BP2: Argentina | BQ2: Argentina | BS2: Lionel Messi | BT2: Kylian Mbappé | BU2: =IF(C2='Resultats Reals'!$C$2,2,IF(OR(C2='Resultats Reals'!$C$3,COUNTIF('Resultats Reals'!$E$2:$E$33,C2)>0),1,0))+IF(D2='Resultats Reals'!$C$5,2,IF(OR(D2='Resultats Reals'!$C$6,COUNTIF('Resultats Reals'!$E$2:$E$33,D2)>0),1,0))+IF(E2='Resultats Reals'!$C$8,2,IF(OR(E2='Resultats Reals'!$C$9,COUNTIF('Resultats Reals'!$E$2:$E$33,E2)>0),1,0))+IF(F2='Resultats Reals'!$C$11,2,IF(OR(F2='Resultats Reals'!$C$12,COUNTIF('Resultats Reals'!$E$2:$E$33,F2)>0),1,0))+IF(G2='Resultats Reals'!$C$14,2,IF(OR(G2='Resultats Reals'!$C$15,COUNTIF('Resultats Reals'!$E$2:$E$33,G2)>0),1,0))+IF(H2='Resultats Reals'!$C$17,2,IF(OR(H2='Resultats Reals'!$C$18,COUNTIF('Resultats Reals'!$E$2:$E$33,H2)>0),1,0))+IF(I2='Resultats Reals'!$C$20,2,IF(OR(I2='Resultats Reals'!$C$21,COUNTIF('Resultats Reals'!$E$2:$E$33,I2)>0),1,0))+IF(J2='Resultats Reals'!$C$23,2,IF(OR(J2='Resultats Reals'!$C$24,COUNTIF('Resultats Reals'!$E$2:$E$33,J2)>0),1,0))+IF(K2='Resultats Reals'!$C$26,2,IF(OR(K2='Resultats Reals'!$C$27,COUNTIF('Resultats Reals'!$E$2:$E$33,K2)>0),1,0))+IF(L2='Resultats Reals'!$C$29,2,IF(OR(L2='Resultats Reals'!$C$30,COUNTIF('Resultats Reals'!$E$2:$E$33,L2)>0),1,0))+IF(M2='Resultats Reals'!$C$32,2,IF(OR(M2='Resultats Reals'!$C$33,COUNTIF('Resultats Reals'!$E$2:$E$33,M2)>0),1,0))+IF(N2='Resultats Reals'!$C$35,2,IF(OR(N2='Resultats Reals'!$C$36,COUNTIF('Resultats Reals'!$E$2:$E$33,N2)>0),1,0)) -> 23 | BV2: =IF(O2='Resultats Reals'!$C$3,2,IF(OR(O2='Resultats Reals'!$C$2,COUNTIF('Resultats Reals'!$E$2:$E$33,O2)>0),1,0))+IF(P2='Resultats Reals'!$C$6,2,IF(OR(P2='Resultats Reals'!$C$5,COUNTIF('Resultats Reals'!$E$2:$E$33,P2)>0),1,0))+IF(Q2='Resultats Reals'!$C$9,2,IF(OR(Q2='Resultats Reals'!$C$8,COUNTIF('Resultats Reals'!$E$2:$E$33,Q2)>0),1,0))+IF(R2='Resultats Reals'!$C$12,2,IF(OR(R2='Resultats Reals'!$C$11,COUNTIF('Resultats Reals'!$E$2:$E$33,R2)>0),1,0))+IF(S2='Resultats Reals'!$C$15,2,IF(OR(S2='Resultats Reals'!$C$14,COUNTIF('Resultats Reals'!$E$2:$E$33,S2)>0),1,0))+IF(T2='Resultats Reals'!$C$18,2,IF(OR(T2='Resultats Reals'!$C$17,COUNTIF('Resultats Reals'!$E$2:$E$33,T2)>0),1,0))+IF(U2='Resultats Reals'!$C$21,2,IF(OR(U2='Resultats Reals'!$C$20,COUNTIF('Resultats Reals'!$E$2:$E$33,U2)>0),1,0))+IF(V2='Resultats Reals'!$C$24,2,IF(OR(V2='Resultats Reals'!$C$23,COUNTIF('Resultats Reals'!$E$2:$E$33,V2)>0),1,0))+IF(W2='Resultats Reals'!$C$27,2,IF(OR(W2='Resultats Reals'!$C$26,COUNTIF('Resultats Reals'!$E$2:$E$33,W2)>0),1,0))+IF(X2='Resultats Reals'!$C$30,2,IF(OR(X2='Resultats Reals'!$C$29,COUNTIF('Resultats Reals'!$E$2:$E$33,X2)>0),1,0))+IF(Y2='Resultats Reals'!$C$33,2,IF(OR(Y2='Resultats Reals'!$C$32,COUNTIF('Resultats Reals'!$E$2:$E$33,Y2)>0),1,0))+IF(Z2='Resultats Reals'!$C$36,2,IF(OR(Z2='Resultats Reals'!$C$35,COUNTIF('Resultats Reals'!$E$2:$E$33,Z2)>0),1,0)) -> 14 | BW2: =IF(AA2='Resultats Reals'!$C$4,IF(COUNTIF('Resultats Reals'!$E$2:$E$33,AA2)>0,2,0.5),IF(OR(AA2='Resultats Reals'!$C$2,AA2='Resultats Reals'!$C$3,COUNTIF('Resultats Reals'!$E$2:$E$33,AA2)>0),1,0))+IF(AB2='Resultats Reals'!$C$7,IF(COUNTIF('Resultats Reals'!$E$2:$E$33,AB2)>0,2,0.5),IF(OR(AB2='Resultats Reals'!$C$5,AB2='Resultats Reals'!$C$6,COUNTIF('Resultats Reals'!$E$2:$E$33,AB2)>0),1,0))+IF(AC2='Resultats Reals'!$C$10,IF(COUNTIF('Resultats Reals'!$E$2:$E$33,AC2)>0,2,0.5),IF(OR(AC2='Resultats Reals'!$C$8,AC2='Resultats Reals'!$C$9,COUNTIF('Resultats Reals'!$E$2:$E$33,AC2)>0),1,0))+IF(AD2='Resultats Reals'!$C$13,IF(COUNTIF('Resultats Reals'!$E$2:$E$33,AD2)>0,2,0.5),IF(OR(AD2='Resultats Reals'!$C$11,AD2='Resultats Reals'!$C$12,COUNTIF('Resultats Reals'!$E$2:$E$33,AD2)>0),1,0))+IF(AE2='Resultats Reals'!$C$16,IF(COUNTIF('Resultats Reals'!$E$2:$E$33,AE2)>0,2,0.5),IF(OR(AE2='Resultats Reals'!$C$14,AE2='Resultats Reals'!$C$15,COUNTIF('Resultats Reals'!$E$2:$E$33,AE2)>0),1,0))+IF(AF2='Resultats Reals'!$C$19,IF(COUNTIF('Resultats Reals'!$E$2:$E$33,AF2)>0,2,0.5),IF(OR(AF2='Resultats Reals'!$C$17,AF2='Resultats Reals'!$C$18,COUNTIF('Resultats Reals'!$E$2:$E$33,AF2)>0),1,0))+IF(AG2='Resultats Reals'!$C$22,IF(COUNTIF('Resultats Reals'!$E$2:$E$33,AG2)>0,2,0.5),IF(OR(AG2='Resultats Reals'!$C$20,AG2='Resultats Reals'!$C$21,COUNTIF('Resultats Reals'!$E$2:$E$33,AG2)>0),1,0))+IF(AH2='Resultats Reals'!$C$25,IF(COUNTIF('Resultats Reals'!$E$2:$E$33,AH2)>0,2,0.5),IF(OR(AH2='Resultats Reals'!$C$23,AH2='Resultats Reals'!$C$24,COUNTIF('Resultats Reals'!$E$2:$E$33,AH2)>0),1,0))+IF(AI2='Resultats Reals'!$C$28,IF(COUNTIF('Resultats Reals'!$E$2:$E$33,AI2)>0,2,0.5),IF(OR(AI2='Resultats Reals'!$C$26,AI2='Resultats Reals'!$C$27,COUNTIF('Resultats Reals'!$E$2:$E$33,AI2)>0),1,0))+IF(AJ2='Resultats Reals'!$C$31,IF(COUNTIF('Resultats Reals'!$E$2:$E$33,AJ2)>0,2,0.5),IF(OR(AJ2='Resultats Reals'!$C$29,AJ2='Resultats Reals'!$C$30,COUNTIF('Resultats Reals'!$E$2:$E$33,AJ2)>0),1,0))+IF(AK2='Resultats Reals'!$C$34,IF(COUNTIF('Resultats Reals'!$E$2:$E$33,AK2)>0,2,0.5),IF(OR(AK2='Resultats Reals'!$C$32,AK2='Resultats Reals'!$C$33,COUNTIF('Resultats Reals'!$E$2:$E$33,AK2)>0),1,0))+IF(AL2='Resultats Reals'!$C$37,IF(COUNTIF('Resultats Reals'!$E$2:$E$33,AL2)>0,2,0.5),IF(OR(AL2='Resultats Reals'!$C$35,AL2='Resultats Reals'!$C$36,COUNTIF('Resultats Reals'!$E$2:$E$33,AL2)>0),1,0)) -> 15.5 | BX2: =IF(COUNTIF('Resultats Reals'!$F$2:$F$17,AM2)>0,1,0)+IF(COUNTIF('Resultats Reals'!$F$2:$F$17,AN2)>0,1,0)+IF(COUNTIF('Resultats Reals'!$F$2:$F$17,AO2)>0,1,0)+IF(COUNTIF('Resultats Reals'!$F$2:$F$17,AP2)>0,1,0)+IF(COUNTIF('Resultats Reals'!$F$2:$F$17,AQ2)>0,1,0)+IF(COUNTIF('Resultats Reals'!$F$2:$F$17,AR2)>0,1,0)+IF(COUNTIF('Resultats Reals'!$F$2:$F$17,AS2)>0,1,0)+IF(COUNTIF('Resultats Reals'!$F$2:$F$17,AT2)>0,1,0)+IF(COUNTIF('Resultats Reals'!$F$2:$F$17,AU2)>0,1,0)+IF(COUNTIF('Resultats Reals'!$F$2:$F$17,AV2)>0,1,0)+IF(COUNTIF('Resultats Reals'!$F$2:$F$17,AW2)>0,1,0)+IF(COUNTIF('Resultats Reals'!$F$2:$F$17,AX2)>0,1,0)+IF(COUNTIF('Resultats Reals'!$F$2:$F$17,AY2)>0,1,0)+IF(COUNTIF('Resultats Reals'!$F$2:$F$17,AZ2)>0,1,0)+IF(COUNTIF('Resultats Reals'!$F$2:$F$17,BA2)>0,1,0)+IF(COUNTIF('Resultats Reals'!$F$2:$F$17,BB2)>0,1,0) -> 11 | BY2: =IF(COUNTIF('Resultats Reals'!$G$2:$G$9,BC2)>0,1,0)+IF(COUNTIF('Resultats Reals'!$G$2:$G$9,BD2)>0,1,0)+IF(COUNTIF('Resultats Reals'!$G$2:$G$9,BE2)>0,1,0)+IF(COUNTIF('Resultats Reals'!$G$2:$G$9,BF2)>0,1,0)+IF(COUNTIF('Resultats Reals'!$G$2:$G$9,BG2)>0,1,0)+IF(COUNTIF('Resultats Reals'!$G$2:$G$9,BH2)>0,1,0)+IF(COUNTIF('Resultats Reals'!$G$2:$G$9,BI2)>0,1,0)+IF(COUNTIF('Resultats Reals'!$G$2:$G$9,BJ2)>0,1,0) -> 5 | BZ2: =IF(COUNTIF('Resultats Reals'!$H$2:$H$5,BK2)>0,1,0)+IF(COUNTIF('Resultats Reals'!$H$2:$H$5,BL2)>0,1,0)+IF(COUNTIF('Resultats Reals'!$H$2:$H$5,BM2)>0,1,0)+IF(COUNTIF('Resultats Reals'!$H$2:$H$5,BN2)>0,1,0) -> 3 | CA2: =IF(COUNTIF('Resultats Reals'!$I$2:$I$3,BO2)>0,3,0)+IF(COUNTIF('Resultats Reals'!$I$2:$I$3,BP2)>0,3,0) -> 0 | CB2: =IF(BQ2='Resultats Reals'!$J$2,5,0) -> 0 | CC2: =IF(BS2='Resultats Reals'!$K$2,5,0) -> 0 | CD2: =IFERROR(VLOOKUP(BT2,'Resultats Reals'!$N$2:$O$100,2,FALSE),0) -> 8 | CE2: =IF(BR2='Resultats Reals'!$L$2,5,0) -> 0 | CF2: =SUM(BU2:CE2) -> 79.5
A3: Marc Llopis | B3: Obres | C3: Mèxic | D3: Canadà | E3: Brasil | F3: Estats Units | G3: Alemanya | H3: Països Baixos | I3: Bèlgica | J3: Espanya | K3: França | L3: Argentina | M3: Portugal | N3: Anglaterra | O3: Corea del Sud | P3: Suïssa | Q3: Marroc | R3: Turquia | S3: Costa d'Ivori | T3: Japó | U3: Egipte | V3: Uruguai | W3: Noruega | X3: Àustria | Y3: Colòmbia | Z3: Croàcia | AA3: República Txeca | AB3: Qatar | AC3: Escòcia | AD3: Austràlia | AE3: Equador | AF3: Suècia | AG3: Iran | AH3: Aràbia Saudita | AI3: Senegal | AJ3: Algèria | AK3: Uzbekistan | AL3: Ghana | AM3: França | AN3: Argentina | AO3: Brasil | AP3: Anglaterra | AQ3: Espanya | AR3: Alemanya | AS3: Portugal | AT3: Països Baixos | AU3: Estats Units | AV3: Mèxic | AW3: Uruguai | AX3: Marroc | AY3: Croàcia | AZ3: Japó | BA3: Colòmbia | BB3: Suïssa | BC3: França | BD3: Argentina | BE3: Brasil | BF3: Anglaterra | BG3: Espanya | BH3: Alemanya | BI3: Portugal | BJ3: Països Baixos | BK3: França | BL3: Argentina | BM3: Espanya | BN3: Brasil | BO3: França | BP3: Espanya | BQ3: Espanya | BS3: Lamine Yamal | BT3: Kylian Mbappé | BU3: =IF(C3='Resultats Reals'!$C$2,2,IF(OR(C3='Resultats Reals'!$C$3,COUNTIF('Resultats Reals'!$E$2:$E$33,C3)>0),1,0))+IF(D3='Resultats Reals'!$C$5,2,IF(OR(D3='Resultats Reals'!$C$6,COUNTIF('Resultats Reals'!$E$2:$E$33,D3)>0),1,0))+IF(E3='Resultats Reals'!$C$8,2,IF(OR(E3='Resultats Reals'!$C$9,COUNTIF('Resultats Reals'!$E$2:$E$33,E3)>0),1,0))+IF(F3='Resultats Reals'!$C$11,2,IF(OR(F3='Resultats Reals'!$C$12,COUNTIF('Resultats Reals'!$E$2:$E$33,F3)>0),1,0))+IF(G3='Resultats Reals'!$C$14,2,IF(OR(G3='Resultats Reals'!$C$15,COUNTIF('Resultats Reals'!$E$2:$E$33,G3)>0),1,0))+IF(H3='Resultats Reals'!$C$17,2,IF(OR(H3='Resultats Reals'!$C$18,COUNTIF('Resultats Reals'!$E$2:$E$33,H3)>0),1,0))+IF(I3='Resultats Reals'!$C$20,2,IF(OR(I3='Resultats Reals'!$C$21,COUNTIF('Resultats Reals'!$E$2:$E$33,I3)>0),1,0))+IF(J3='Resultats Reals'!$C$23,2,IF(OR(J3='Resultats Reals'!$C$24,COUNTIF('Resultats Reals'!$E$2:$E$33,J3)>0),1,0))+IF(K3='Resultats Reals'!$C$26,2,IF(OR(K3='Resultats Reals'!$C$27,COUNTIF('Resultats Reals'!$E$2:$E$33,K3)>0),1,0))+IF(L3='Resultats Reals'!$C$29,2,IF(OR(L3='Resultats Reals'!$C$30,COUNTIF('Resultats Reals'!$E$2:$E$33,L3)>0),1,0))+IF(M3='Resultats Reals'!$C$32,2,IF(OR(M3='Resultats Reals'!$C$33,COUNTIF('Resultats Reals'!$E$2:$E$33,M3)>0),1,0))+IF(N3='Resultats Reals'!$C$35,2,IF(OR(N3='Resultats Reals'!$C$36,COUNTIF('Resultats Reals'!$E$2:$E$33,N3)>0),1,0)) -> 22 | BV3: =IF(O3='Resultats Reals'!$C$3,2,IF(OR(O3='Resultats Reals'!$C$2,COUNTIF('Resultats Reals'!$E$2:$E$33,O3)>0),1,0))+IF(P3='Resultats Reals'!$C$6,2,IF(OR(P3='Resultats Reals'!$C$5,COUNTIF('Resultats Reals'!$E$2:$E$33,P3)>0),1,0))+IF(Q3='Resultats Reals'!$C$9,2,IF(OR(Q3='Resultats Reals'!$C$8,COUNTIF('Resultats Reals'!$E$2:$E$33,Q3)>0),1,0))+IF(R3='Resultats Reals'!$C$12,2,IF(OR(R3='Resultats Reals'!$C$11,COUNTIF('Resultats Reals'!$E$2:$E$33,R3)>0),1,0))+IF(S3='Resultats Reals'!$C$15,2,IF(OR(S3='Resultats Reals'!$C$14,COUNTIF('Resultats Reals'!$E$2:$E$33,S3)>0),1,0))+IF(T3='Resultats Reals'!$C$18,2,IF(OR(T3='Resultats Reals'!$C$17,COUNTIF('Resultats Reals'!$E$2:$E$33,T3)>0),1,0))+IF(U3='Resultats Reals'!$C$21,2,IF(OR(U3='Resultats Reals'!$C$20,COUNTIF('Resultats Reals'!$E$2:$E$33,U3)>0),1,0))+IF(V3='Resultats Reals'!$C$24,2,IF(OR(V3='Resultats Reals'!$C$23,COUNTIF('Resultats Reals'!$E$2:$E$33,V3)>0),1,0))+IF(W3='Resultats Reals'!$C$27,2,IF(OR(W3='Resultats Reals'!$C$26,COUNTIF('Resultats Reals'!$E$2:$E$33,W3)>0),1,0))+IF(X3='Resultats Reals'!$C$30,2,IF(OR(X3='Resultats Reals'!$C$29,COUNTIF('Resultats Reals'!$E$2:$E$33,X3)>0),1,0))+IF(Y3='Resultats Reals'!$C$33,2,IF(OR(Y3='Resultats Reals'!$C$32,COUNTIF('Resultats Reals'!$E$2:$E$33,Y3)>0),1,0))+IF(Z3='Resultats Reals'!$C$36,2,IF(OR(Z3='Resultats Reals'!$C$35,COUNTIF('Resultats Reals'!$E$2:$E$33,Z3)>0),1,0)) -> 16 | BW3: =IF(AA3='Resultats Reals'!$C$4,IF(COUNTIF('Resultats Reals'!$E$2:$E$33,AA3)>0,2,0.5),IF(OR(AA3='Resultats Reals'!$C$2,AA3='Resultats Reals'!$C$3,COUNTIF('Resultats Reals'!$E$2:$E$33,AA3)>0),1,0))+IF(AB3='Resultats Reals'!$C$7,IF(COUNTIF('Resultats Reals'!$E$2:$E$33,AB3)>0,2,0.5),IF(OR(AB3='Resultats Reals'!$C$5,AB3='Resultats Reals'!$C$6,COUNTIF('Resultats Reals'!$E$2:$E$33,AB3)>0),1,0))+IF(AC3='Resultats Reals'!$C$10,IF(COUNTIF('Resultats Reals'!$E$2:$E$33,AC3)>0,2,0.5),IF(OR(AC3='Resultats Reals'!$C$8,AC3='Resultats Reals'!$C$9,COUNTIF('Resultats Reals'!$E$2:$E$33,AC3)>0),1,0))+IF(AD3='Resultats Reals'!$C$13,IF(COUNTIF('Resultats Reals'!$E$2:$E$33,AD3)>0,2,0.5),IF(OR(AD3='Resultats Reals'!$C$11,AD3='Resultats Reals'!$C$12,COUNTIF('Resultats Reals'!$E$2:$E$33,AD3)>0),1,0))+IF(AE3='Resultats Reals'!$C$16,IF(COUNTIF('Resultats Reals'!$E$2:$E$33,AE3)>0,2,0.5),IF(OR(AE3='Resultats Reals'!$C$14,AE3='Resultats Reals'!$C$15,COUNTIF('Resultats Reals'!$E$2:$E$33,AE3)>0),1,0))+IF(AF3='Resultats Reals'!$C$19,IF(COUNTIF('Resultats Reals'!$E$2:$E$33,AF3)>0,2,0.5),IF(OR(AF3='Resultats Reals'!$C$17,AF3='Resultats Reals'!$C$18,COUNTIF('Resultats Reals'!$E$2:$E$33,AF3)>0),1,0))+IF(AG3='Resultats Reals'!$C$22,IF(COUNTIF('Resultats Reals'!$E$2:$E$33,AG3)>0,2,0.5),IF(OR(AG3='Resultats Reals'!$C$20,AG3='Resultats Reals'!$C$21,COUNTIF('Resultats Reals'!$E$2:$E$33,AG3)>0),1,0))+IF(AH3='Resultats Reals'!$C$25,IF(COUNTIF('Resultats Reals'!$E$2:$E$33,AH3)>0,2,0.5),IF(OR(AH3='Resultats Reals'!$C$23,AH3='Resultats Reals'!$C$24,COUNTIF('Resultats Reals'!$E$2:$E$33,AH3)>0),1,0))+IF(AI3='Resultats Reals'!$C$28,IF(COUNTIF('Resultats Reals'!$E$2:$E$33,AI3)>0,2,0.5),IF(OR(AI3='Resultats Reals'!$C$26,AI3='Resultats Reals'!$C$27,COUNTIF('Resultats Reals'!$E$2:$E$33,AI3)>0),1,0))+IF(AJ3='Resultats Reals'!$C$31,IF(COUNTIF('Resultats Reals'!$E$2:$E$33,AJ3)>0,2,0.5),IF(OR(AJ3='Resultats Reals'!$C$29,AJ3='Resultats Reals'!$C$30,COUNTIF('Resultats Reals'!$E$2:$E$33,AJ3)>0),1,0))+IF(AK3='Resultats Reals'!$C$34,IF(COUNTIF('Resultats Reals'!$E$2:$E$33,AK3)>0,2,0.5),IF(OR(AK3='Resultats Reals'!$C$32,AK3='Resultats Reals'!$C$33,COUNTIF('Resultats Reals'!$E$2:$E$33,AK3)>0),1,0))+IF(AL3='Resultats Reals'!$C$37,IF(COUNTIF('Resultats Reals'!$E$2:$E$33,AL3)>0,2,0.5),IF(OR(AL3='Resultats Reals'!$C$35,AL3='Resultats Reals'!$C$36,COUNTIF('Resultats Reals'!$E$2:$E$33,AL3)>0),1,0)) -> 12 | BX3: =IF(COUNTIF('Resultats Reals'!$F$2:$F$17,AM3)>0,1,0)+IF(COUNTIF('Resultats Reals'!$F$2:$F$17,AN3)>0,1,0)+IF(COUNTIF('Resultats Reals'!$F$2:$F$17,AO3)>0,1,0)+IF(COUNTIF('Resultats Reals'!$F$2:$F$17,AP3)>0,1,0)+IF(COUNTIF('Resultats Reals'!$F$2:$F$17,AQ3)>0,1,0)+IF(COUNTIF('Resultats Reals'!$F$2:$F$17,AR3)>0,1,0)+IF(COUNTIF('Resultats Reals'!$F$2:$F$17,AS3)>0,1,0)+IF(COUNTIF('Resultats Reals'!$F$2:$F$17,AT3)>0,1,0)+IF(COUNTIF('Resultats Reals'!$F$2:$F$17,AU3)>0,1,0)+IF(COUNTIF('Resultats Reals'!$F$2:$F$17,AV3)>0,1,0)+IF(COUNTIF('Resultats Reals'!$F$2:$F$17,AW3)>0,1,0)+IF(COUNTIF('Resultats Reals'!$F$2:$F$17,AX3)>0,1,0)+IF(COUNTIF('Resultats Reals'!$F$2:$F$17,AY3)>0,1,0)+IF(COUNTIF('Resultats Reals'!$F$2:$F$17,AZ3)>0,1,0)+IF(COUNTIF('Resultats Reals'!$F$2:$F$17,BA3)>0,1,0)+IF(COUNTIF('Resultats Reals'!$F$2:$F$17,BB3)>0,1,0) -> 11 | BY3: =IF(COUNTIF('Resultats Reals'!$G$2:$G$9,BC3)>0,1,0)+IF(COUNTIF('Resultats Reals'!$G$2:$G$9,BD3)>0,1,0)+IF(COUNTIF('Resultats Reals'!$G$2:$G$9,BE3)>0,1,0)+IF(COUNTIF('Resultats Reals'!$G$2:$G$9,BF3)>0,1,0)+IF(COUNTIF('Resultats Reals'!$G$2:$G$9,BG3)>0,1,0)+IF(COUNTIF('Resultats Reals'!$G$2:$G$9,BH3)>0,1,0)+IF(COUNTIF('Resultats Reals'!$G$2:$G$9,BI3)>0,1,0)+IF(COUNTIF('Resultats Reals'!$G$2:$G$9,BJ3)>0,1,0) -> 4 | BZ3: =IF(COUNTIF('Resultats Reals'!$H$2:$H$5,BK3)>0,1,0)+IF(COUNTIF('Resultats Reals'!$H$2:$H$5,BL3)>0,1,0)+IF(COUNTIF('Resultats Reals'!$H$2:$H$5,BM3)>0,1,0)+IF(COUNTIF('Resultats Reals'!$H$2:$H$5,BN3)>0,1,0) -> 3 | CA3: =IF(COUNTIF('Resultats Reals'!$I$2:$I$3,BO3)>0,3,0)+IF(COUNTIF('Resultats Reals'!$I$2:$I$3,BP3)>0,3,0) -> 0 | CB3: =IF(BQ3='Resultats Reals'!$J$2,5,0) -> 0 | CC3: =IF(BS3='Resultats Reals'!$K$2,5,0) -> 0 | CD3: =IFERROR(VLOOKUP(BT3,'Resultats Reals'!$N$2:$O$100,2,FALSE),0) -> 8 | CE3: =IF(BR3='Resultats Reals'!$L$2,5,0) -> 0 | CF3: =SUM(BU3:CE3) -> 76
A4: Anthony Romero | B4: Obres | C4: Mèxic | D4: Canadà | E4: Brasil | F4: Turquia | G4: Alemanya | H4: Països Baixos | I4: Bèlgica | J4: Espanya | K4: França | L4: Argentina | M4: Colòmbia | N4: Anglaterra | O4: República Txeca | P4: Suïssa | Q4: Marroc | R4: Estats Units | S4: Equador | T4: Japó | U4: Iran | V4: Uruguai | W4: Noruega | X4: Algèria | Y4: Portugal | Z4: Ghana | AA4: Sud-àfrica | AB4: Bòsnia i Hercegovina | AC4: Escòcia | AD4: Paraguai | AE4: Costa d'Ivori | AF4: Suècia | AG4: Egipte | AH4: Aràbia Saudita | AI4: Senegal | AJ4: Àustria | AK4: RD Congo | AL4: Croàcia | AM4: Alemanya | AN4: França | AO4: Suïssa | AP4: Països Baixos | AQ4: Portugal | AR4: Espanya | AS4: Turquia | AT4: Bèlgica | AU4: Brasil | AV4: Noruega | AW4: Mèxic | AX4: Anglaterra | AY4: Argentina | AZ4: Estats Units | BA4: Canadà | BB4: Colòmbia | BC4: França | BD4: Països Baixos | BE4: Espanya | BF4: Bèlgica | BG4: Brasil | BH4: Anglaterra | BI4: Argentina | BJ4: Colòmbia | BK4: França | BL4: Espanya | BM4: Anglaterra | BN4: Argentina | BO4: Espanya | BP4: Anglaterra | BQ4: Espanya | BS4: Lamine Yamal | BT4: Kylian Mbappé | BU4: =IF(C4='Resultats Reals'!$C$2,2,IF(OR(C4='Resultats Reals'!$C$3,COUNTIF('Resultats Reals'!$E$2:$E$33,C4)>0),1,0))+IF(D4='Resultats Reals'!$C$5,2,IF(OR(D4='Resultats Reals'!$C$6,COUNTIF('Resultats Reals'!$E$2:$E$33,D4)>0),1,0))+IF(E4='Resultats Reals'!$C$8,2,IF(OR(E4='Resultats Reals'!$C$9,COUNTIF('Resultats Reals'!$E$2:$E$33,E4)>0),1,0))+IF(F4='Resultats Reals'!$C$11,2,IF(OR(F4='Resultats Reals'!$C$12,COUNTIF('Resultats Reals'!$E$2:$E$33,F4)>0),1,0))+IF(G4='Resultats Reals'!$C$14,2,IF(OR(G4='Resultats Reals'!$C$15,COUNTIF('Resultats Reals'!$E$2:$E$33,G4)>0),1,0))+IF(H4='Resultats Reals'!$C$17,2,IF(OR(H4='Resultats Reals'!$C$18,COUNTIF('Resultats Reals'!$E$2:$E$33,H4)>0),1,0))+IF(I4='Resultats Reals'!$C$20,2,IF(OR(I4='Resultats Reals'!$C$21,COUNTIF('Resultats Reals'!$E$2:$E$33,I4)>0),1,0))+IF(J4='Resultats Reals'!$C$23,2,IF(OR(J4='Resultats Reals'!$C$24,COUNTIF('Resultats Reals'!$E$2:$E$33,J4)>0),1,0))+IF(K4='Resultats Reals'!$C$26,2,IF(OR(K4='Resultats Reals'!$C$27,COUNTIF('Resultats Reals'!$E$2:$E$33,K4)>0),1,0))+IF(L4='Resultats Reals'!$C$29,2,IF(OR(L4='Resultats Reals'!$C$30,COUNTIF('Resultats Reals'!$E$2:$E$33,L4)>0),1,0))+IF(M4='Resultats Reals'!$C$32,2,IF(OR(M4='Resultats Reals'!$C$33,COUNTIF('Resultats Reals'!$E$2:$E$33,M4)>0),1,0))+IF(N4='Resultats Reals'!$C$35,2,IF(OR(N4='Resultats Reals'!$C$36,COUNTIF('Resultats Reals'!$E$2:$E$33,N4)>0),1,0)) -> 21 | BV4: =IF(O4='Resultats Reals'!$C$3,2,IF(OR(O4='Resultats Reals'!$C$2,COUNTIF('Resultats Reals'!$E$2:$E$33,O4)>0),1,0))+IF(P4='Resultats Reals'!$C$6,2,IF(OR(P4='Resultats Reals'!$C$5,COUNTIF('Resultats Reals'!$E$2:$E$33,P4)>0),1,0))+IF(Q4='Resultats Reals'!$C$9,2,IF(OR(Q4='Resultats Reals'!$C$8,COUNTIF('Resultats Reals'!$E$2:$E$33,Q4)>0),1,0))+IF(R4='Resultats Reals'!$C$12,2,IF(OR(R4='Resultats Reals'!$C$11,COUNTIF('Resultats Reals'!$E$2:$E$33,R4)>0),1,0))+IF(S4='Resultats Reals'!$C$15,2,IF(OR(S4='Resultats Reals'!$C$14,COUNTIF('Resultats Reals'!$E$2:$E$33,S4)>0),1,0))+IF(T4='Resultats Reals'!$C$18,2,IF(OR(T4='Resultats Reals'!$C$17,COUNTIF('Resultats Reals'!$E$2:$E$33,T4)>0),1,0))+IF(U4='Resultats Reals'!$C$21,2,IF(OR(U4='Resultats Reals'!$C$20,COUNTIF('Resultats Reals'!$E$2:$E$33,U4)>0),1,0))+IF(V4='Resultats Reals'!$C$24,2,IF(OR(V4='Resultats Reals'!$C$23,COUNTIF('Resultats Reals'!$E$2:$E$33,V4)>0),1,0))+IF(W4='Resultats Reals'!$C$27,2,IF(OR(W4='Resultats Reals'!$C$26,COUNTIF('Resultats Reals'!$E$2:$E$33,W4)>0),1,0))+IF(X4='Resultats Reals'!$C$30,2,IF(OR(X4='Resultats Reals'!$C$29,COUNTIF('Resultats Reals'!$E$2:$E$33,X4)>0),1,0))+IF(Y4='Resultats Reals'!$C$33,2,IF(OR(Y4='Resultats Reals'!$C$32,COUNTIF('Resultats Reals'!$E$2:$E$33,Y4)>0),1,0))+IF(Z4='Resultats Reals'!$C$36,2,IF(OR(Z4='Resultats Reals'!$C$35,COUNTIF('Resultats Reals'!$E$2:$E$33,Z4)>0),1,0)) -> 13 | BW4: =IF(AA4='Resultats Reals'!$C$4,IF(COUNTIF('Resultats Reals'!$E$2:$E$33,AA4)>0,2,0.5),IF(OR(AA4='Resultats Reals'!$C$2,AA4='Resultats Reals'!$C$3,COUNTIF('Resultats Reals'!$E$2:$E$33,AA4)>0),1,0))+IF(AB4='Resultats Reals'!$C$7,IF(COUNTIF('Resultats Reals'!$E$2:$E$33,AB4)>0,2,0.5),IF(OR(AB4='Resultats Reals'!$C$5,AB4='Resultats Reals'!$C$6,COUNTIF('Resultats Reals'!$E$2:$E$33,AB4)>0),1,0))+IF(AC4='Resultats Reals'!$C$10,IF(COUNTIF('Resultats Reals'!$E$2:$E$33,AC4)>0,2,0.5),IF(OR(AC4='Resultats Reals'!$C$8,AC4='Resultats Reals'!$C$9,COUNTIF('Resultats Reals'!$E$2:$E$33,AC4)>0),1,0))+IF(AD4='Resultats Reals'!$C$13,IF(COUNTIF('Resultats Reals'!$E$2:$E$33,AD4)>0,2,0.5),IF(OR(AD4='Resultats Reals'!$C$11,AD4='Resultats Reals'!$C$12,COUNTIF('Resultats Reals'!$E$2:$E$33,AD4)>0),1,0))+IF(AE4='Resultats Reals'!$C$16,IF(COUNTIF('Resultats Reals'!$E$2:$E$33,AE4)>0,2,0.5),IF(OR(AE4='Resultats Reals'!$C$14,AE4='Resultats Reals'!$C$15,COUNTIF('Resultats Reals'!$E$2:$E$33,AE4)>0),1,0))+IF(AF4='Resultats Reals'!$C$19,IF(COUNTIF('Resultats Reals'!$E$2:$E$33,AF4)>0,2,0.5),IF(OR(AF4='Resultats Reals'!$C$17,AF4='Resultats Reals'!$C$18,COUNTIF('Resultats Reals'!$E$2:$E$33,AF4)>0),1,0))+IF(AG4='Resultats Reals'!$C$22,IF(COUNTIF('Resultats Reals'!$E$2:$E$33,AG4)>0,2,0.5),IF(OR(AG4='Resultats Reals'!$C$20,AG4='Resultats Reals'!$C$21,COUNTIF('Resultats Reals'!$E$2:$E$33,AG4)>0),1,0))+IF(AH4='Resultats Reals'!$C$25,IF(COUNTIF('Resultats Reals'!$E$2:$E$33,AH4)>0,2,0.5),IF(OR(AH4='Resultats Reals'!$C$23,AH4='Resultats Reals'!$C$24,COUNTIF('Resultats Reals'!$E$2:$E$33,AH4)>0),1,0))+IF(AI4='Resultats Reals'!$C$28,IF(COUNTIF('Resultats Reals'!$E$2:$E$33,AI4)>0,2,0.5),IF(OR(AI4='Resultats Reals'!$C$26,AI4='Resultats Reals'!$C$27,COUNTIF('Resultats Reals'!$E$2:$E$33,AI4)>0),1,0))+IF(AJ4='Resultats Reals'!$C$31,IF(COUNTIF('Resultats Reals'!$E$2:$E$33,AJ4)>0,2,0.5),IF(OR(AJ4='Resultats Reals'!$C$29,AJ4='Resultats Reals'!$C$30,COUNTIF('Resultats Reals'!$E$2:$E$33,AJ4)>0),1,0))+IF(AK4='Resultats Reals'!$C$34,IF(COUNTIF('Resultats Reals'!$E$2:$E$33,AK4)>0,2,0.5),IF(OR(AK4='Resultats Reals'!$C$32,AK4='Resultats Reals'!$C$33,COUNTIF('Resultats Reals'!$E$2:$E$33,AK4)>0),1,0))+IF(AL4='Resultats Reals'!$C$37,IF(COUNTIF('Resultats Reals'!$E$2:$E$33,AL4)>0,2,0.5),IF(OR(AL4='Resultats Reals'!$C$35,AL4='Resultats Reals'!$C$36,COUNTIF('Resultats Reals'!$E$2:$E$33,AL4)>0),1,0)) -> 15.5 | BX4: =IF(COUNTIF('Resultats Reals'!$F$2:$F$17,AM4)>0,1,0)+IF(COUNTIF('Resultats Reals'!$F$2:$F$17,AN4)>0,1,0)+IF(COUNTIF('Resultats Reals'!$F$2:$F$17,AO4)>0,1,0)+IF(COUNTIF('Resultats Reals'!$F$2:$F$17,AP4)>0,1,0)+IF(COUNTIF('Resultats Reals'!$F$2:$F$17,AQ4)>0,1,0)+IF(COUNTIF('Resultats Reals'!$F$2:$F$17,AR4)>0,1,0)+IF(COUNTIF('Resultats Reals'!$F$2:$F$17,AS4)>0,1,0)+IF(COUNTIF('Resultats Reals'!$F$2:$F$17,AT4)>0,1,0)+IF(COUNTIF('Resultats Reals'!$F$2:$F$17,AU4)>0,1,0)+IF(COUNTIF('Resultats Reals'!$F$2:$F$17,AV4)>0,1,0)+IF(COUNTIF('Resultats Reals'!$F$2:$F$17,AW4)>0,1,0)+IF(COUNTIF('Resultats Reals'!$F$2:$F$17,AX4)>0,1,0)+IF(COUNTIF('Resultats Reals'!$F$2:$F$17,AY4)>0,1,0)+IF(COUNTIF('Resultats Reals'!$F$2:$F$17,AZ4)>0,1,0)+IF(COUNTIF('Resultats Reals'!$F$2:$F$17,BA4)>0,1,0)+IF(COUNTIF('Resultats Reals'!$F$2:$F$17,BB4)>0,1,0) -> 13 | BY4: =IF(COUNTIF('Resultats Reals'!$G$2:$G$9,BC4)>0,1,0)+IF(COUNTIF('Resultats Reals'!$G$2:$G$9,BD4)>0,1,0)+IF(COUNTIF('Resultats Reals'!$G$2:$G$9,BE4)>0,1,0)+IF(COUNTIF('Resultats Reals'!$G$2:$G$9,BF4)>0,1,0)+IF(COUNTIF('Resultats Reals'!$G$2:$G$9,BG4)>0,1,0)+IF(COUNTIF('Resultats Reals'!$G$2:$G$9,BH4)>0,1,0)+IF(COUNTIF('Resultats Reals'!$G$2:$G$9,BI4)>0,1,0)+IF(COUNTIF('Resultats Reals'!$G$2:$G$9,BJ4)>0,1,0) -> 5 | BZ4: =IF(COUNTIF('Resultats Reals'!$H$2:$H$5,BK4)>0,1,0)+IF(COUNTIF('Resultats Reals'!$H$2:$H$5,BL4)>0,1,0)+IF(COUNTIF('Resultats Reals'!$H$2:$H$5,BM4)>0,1,0)+IF(COUNTIF('Resultats Reals'!$H$2:$H$5,BN4)>0,1,0) -> 4 | CA4: =IF(COUNTIF('Resultats Reals'!$I$2:$I$3,BO4)>0,3,0)+IF(COUNTIF('Resultats Reals'!$I$2:$I$3,BP4)>0,3,0) -> 0 | CB4: =IF(BQ4='Resultats Reals'!$J$2,5,0) -> 0 | CC4: =IF(BS4='Resultats Reals'!$K$2,5,0) -> 0 | CD4: =IFERROR(VLOOKUP(BT4,'Resultats Reals'!$N$2:$O$100,2,FALSE),0) -> 8 | CE4: =IF(BR4='Resultats Reals'!$L$2,5,0) -> 0 | CF4: =SUM(BU4:CE4) -> 79.5
A5: Blanca Estela Corona Ruiz | B5: Manteniment | C5: Mèxic | D5: Canadà | E5: Brasil | F5: Estats Units | G5: Alemanya | H5: Països Baixos | I5: Bèlgica | J5: Espanya | K5: França | L5: Argentina | M5: Portugal | N5: Anglaterra | O5: Corea del Sud | P5: Suïssa | Q5: Marroc | R5: Turquia | S5: Costa d'Ivori | T5: Japó | U5: Iran | V5: Uruguai | W5: Senegal | X5: Àustria | Y5: Colòmbia | Z5: Croàcia | AA5: Sud-àfrica | AB5: Qatar | AC5: Escòcia | AD5: Austràlia | AE5: Equador | AF5: Suècia | AG5: Egipte | AH5: Aràbia Saudita | AI5: Noruega | AJ5: Algèria | AK5: RD Congo | AL5: Ghana | AM5: Mèxic | AN5: Canadà | AO5: Brasil | AP5: Estats Units | AQ5: Alemanya | AR5: Països Baixos | AS5: Bèlgica | AT5: Espanya | AU5: França | AV5: Argentina | AW5: Portugal | AX5: Anglaterra | AY5: Corea del Sud | AZ5: Suïssa | BA5: Uruguai | BB5: Croàcia | BC5: Espanya | BD5: França | BE5: Argentina | BF5: Brasil | BG5: Anglaterra | BH5: Portugal | BI5: Alemanya | BJ5: Països Baixos | BK5: Espanya | BL5: França | BM5: Argentina | BN5: Brasil | BO5: Espanya | BP5: Argentina | BQ5: Espanya | BS5: Lamine Yamal | BT5: Kylian Mbappé | BU5: =IF(C5='Resultats Reals'!$C$2,2,IF(OR(C5='Resultats Reals'!$C$3,COUNTIF('Resultats Reals'!$E$2:$E$33,C5)>0),1,0))+IF(D5='Resultats Reals'!$C$5,2,IF(OR(D5='Resultats Reals'!$C$6,COUNTIF('Resultats Reals'!$E$2:$E$33,D5)>0),1,0))+IF(E5='Resultats Reals'!$C$8,2,IF(OR(E5='Resultats Reals'!$C$9,COUNTIF('Resultats Reals'!$E$2:$E$33,E5)>0),1,0))+IF(F5='Resultats Reals'!$C$11,2,IF(OR(F5='Resultats Reals'!$C$12,COUNTIF('Resultats Reals'!$E$2:$E$33,F5)>0),1,0))+IF(G5='Resultats Reals'!$C$14,2,IF(OR(G5='Resultats Reals'!$C$15,COUNTIF('Resultats Reals'!$E$2:$E$33,G5)>0),1,0))+IF(H5='Resultats Reals'!$C$17,2,IF(OR(H5='Resultats Reals'!$C$18,COUNTIF('Resultats Reals'!$E$2:$E$33,H5)>0),1,0))+IF(I5='Resultats Reals'!$C$20,2,IF(OR(I5='Resultats Reals'!$C$21,COUNTIF('Resultats Reals'!$E$2:$E$33,I5)>0),1,0))+IF(J5='Resultats Reals'!$C$23,2,IF(OR(J5='Resultats Reals'!$C$24,COUNTIF('Resultats Reals'!$E$2:$E$33,J5)>0),1,0))+IF(K5='Resultats Reals'!$C$26,2,IF(OR(K5='Resultats Reals'!$C$27,COUNTIF('Resultats Reals'!$E$2:$E$33,K5)>0),1,0))+IF(L5='Resultats Reals'!$C$29,2,IF(OR(L5='Resultats Reals'!$C$30,COUNTIF('Resultats Reals'!$E$2:$E$33,L5)>0),1,0))+IF(M5='Resultats Reals'!$C$32,2,IF(OR(M5='Resultats Reals'!$C$33,COUNTIF('Resultats Reals'!$E$2:$E$33,M5)>0),1,0))+IF(N5='Resultats Reals'!$C$35,2,IF(OR(N5='Resultats Reals'!$C$36,COUNTIF('Resultats Reals'!$E$2:$E$33,N5)>0),1,0)) -> 22 | BV5: =IF(O5='Resultats Reals'!$C$3,2,IF(OR(O5='Resultats Reals'!$C$2,COUNTIF('Resultats Reals'!$E$2:$E$33,O5)>0),1,0))+IF(P5='Resultats Reals'!$C$6,2,IF(OR(P5='Resultats Reals'!$C$5,COUNTIF('Resultats Reals'!$E$2:$E$33,P5)>0),1,0))+IF(Q5='Resultats Reals'!$C$9,2,IF(OR(Q5='Resultats Reals'!$C$8,COUNTIF('Resultats Reals'!$E$2:$E$33,Q5)>0),1,0))+IF(R5='Resultats Reals'!$C$12,2,IF(OR(R5='Resultats Reals'!$C$11,COUNTIF('Resultats Reals'!$E$2:$E$33,R5)>0),1,0))+IF(S5='Resultats Reals'!$C$15,2,IF(OR(S5='Resultats Reals'!$C$14,COUNTIF('Resultats Reals'!$E$2:$E$33,S5)>0),1,0))+IF(T5='Resultats Reals'!$C$18,2,IF(OR(T5='Resultats Reals'!$C$17,COUNTIF('Resultats Reals'!$E$2:$E$33,T5)>0),1,0))+IF(U5='Resultats Reals'!$C$21,2,IF(OR(U5='Resultats Reals'!$C$20,COUNTIF('Resultats Reals'!$E$2:$E$33,U5)>0),1,0))+IF(V5='Resultats Reals'!$C$24,2,IF(OR(V5='Resultats Reals'!$C$23,COUNTIF('Resultats Reals'!$E$2:$E$33,V5)>0),1,0))+IF(W5='Resultats Reals'!$C$27,2,IF(OR(W5='Resultats Reals'!$C$26,COUNTIF('Resultats Reals'!$E$2:$E$33,W5)>0),1,0))+IF(X5='Resultats Reals'!$C$30,2,IF(OR(X5='Resultats Reals'!$C$29,COUNTIF('Resultats Reals'!$E$2:$E$33,X5)>0),1,0))+IF(Y5='Resultats Reals'!$C$33,2,IF(OR(Y5='Resultats Reals'!$C$32,COUNTIF('Resultats Reals'!$E$2:$E$33,Y5)>0),1,0))+IF(Z5='Resultats Reals'!$C$36,2,IF(OR(Z5='Resultats Reals'!$C$35,COUNTIF('Resultats Reals'!$E$2:$E$33,Z5)>0),1,0)) -> 13 | BW5: =IF(AA5='Resultats Reals'!$C$4,IF(COUNTIF('Resultats Reals'!$E$2:$E$33,AA5)>0,2,0.5),IF(OR(AA5='Resultats Reals'!$C$2,AA5='Resultats Reals'!$C$3,COUNTIF('Resultats Reals'!$E$2:$E$33,AA5)>0),1,0))+IF(AB5='Resultats Reals'!$C$7,IF(COUNTIF('Resultats Reals'!$E$2:$E$33,AB5)>0,2,0.5),IF(OR(AB5='Resultats Reals'!$C$5,AB5='Resultats Reals'!$C$6,COUNTIF('Resultats Reals'!$E$2:$E$33,AB5)>0),1,0))+IF(AC5='Resultats Reals'!$C$10,IF(COUNTIF('Resultats Reals'!$E$2:$E$33,AC5)>0,2,0.5),IF(OR(AC5='Resultats Reals'!$C$8,AC5='Resultats Reals'!$C$9,COUNTIF('Resultats Reals'!$E$2:$E$33,AC5)>0),1,0))+IF(AD5='Resultats Reals'!$C$13,IF(COUNTIF('Resultats Reals'!$E$2:$E$33,AD5)>0,2,0.5),IF(OR(AD5='Resultats Reals'!$C$11,AD5='Resultats Reals'!$C$12,COUNTIF('Resultats Reals'!$E$2:$E$33,AD5)>0),1,0))+IF(AE5='Resultats Reals'!$C$16,IF(COUNTIF('Resultats Reals'!$E$2:$E$33,AE5)>0,2,0.5),IF(OR(AE5='Resultats Reals'!$C$14,AE5='Resultats Reals'!$C$15,COUNTIF('Resultats Reals'!$E$2:$E$33,AE5)>0),1,0))+IF(AF5='Resultats Reals'!$C$19,IF(COUNTIF('Resultats Reals'!$E$2:$E$33,AF5)>0,2,0.5),IF(OR(AF5='Resultats Reals'!$C$17,AF5='Resultats Reals'!$C$18,COUNTIF('Resultats Reals'!$E$2:$E$33,AF5)>0),1,0))+IF(AG5='Resultats Reals'!$C$22,IF(COUNTIF('Resultats Reals'!$E$2:$E$33,AG5)>0,2,0.5),IF(OR(AG5='Resultats Reals'!$C$20,AG5='Resultats Reals'!$C$21,COUNTIF('Resultats Reals'!$E$2:$E$33,AG5)>0),1,0))+IF(AH5='Resultats Reals'!$C$25,IF(COUNTIF('Resultats Reals'!$E$2:$E$33,AH5)>0,2,0.5),IF(OR(AH5='Resultats Reals'!$C$23,AH5='Resultats Reals'!$C$24,COUNTIF('Resultats Reals'!$E$2:$E$33,AH5)>0),1,0))+IF(AI5='Resultats Reals'!$C$28,IF(COUNTIF('Resultats Reals'!$E$2:$E$33,AI5)>0,2,0.5),IF(OR(AI5='Resultats Reals'!$C$26,AI5='Resultats Reals'!$C$27,COUNTIF('Resultats Reals'!$E$2:$E$33,AI5)>0),1,0))+IF(AJ5='Resultats Reals'!$C$31,IF(COUNTIF('Resultats Reals'!$E$2:$E$33,AJ5)>0,2,0.5),IF(OR(AJ5='Resultats Reals'!$C$29,AJ5='Resultats Reals'!$C$30,COUNTIF('Resultats Reals'!$E$2:$E$33,AJ5)>0),1,0))+IF(AK5='Resultats Reals'!$C$34,IF(COUNTIF('Resultats Reals'!$E$2:$E$33,AK5)>0,2,0.5),IF(OR(AK5='Resultats Reals'!$C$32,AK5='Resultats Reals'!$C$33,COUNTIF('Resultats Reals'!$E$2:$E$33,AK5)>0),1,0))+IF(AL5='Resultats Reals'!$C$37,IF(COUNTIF('Resultats Reals'!$E$2:$E$33,AL5)>0,2,0.5),IF(OR(AL5='Resultats Reals'!$C$35,AL5='Resultats Reals'!$C$36,COUNTIF('Resultats Reals'!$E$2:$E$33,AL5)>0),1,0)) -> 14.5 | BX5: =IF(COUNTIF('Resultats Reals'!$F$2:$F$17,AM5)>0,1,0)+IF(COUNTIF('Resultats Reals'!$F$2:$F$17,AN5)>0,1,0)+IF(COUNTIF('Resultats Reals'!$F$2:$F$17,AO5)>0,1,0)+IF(COUNTIF('Resultats Reals'!$F$2:$F$17,AP5)>0,1,0)+IF(COUNTIF('Resultats Reals'!$F$2:$F$17,AQ5)>0,1,0)+IF(COUNTIF('Resultats Reals'!$F$2:$F$17,AR5)>0,1,0)+IF(COUNTIF('Resultats Reals'!$F$2:$F$17,AS5)>0,1,0)+IF(COUNTIF('Resultats Reals'!$F$2:$F$17,AT5)>0,1,0)+IF(COUNTIF('Resultats Reals'!$F$2:$F$17,AU5)>0,1,0)+IF(COUNTIF('Resultats Reals'!$F$2:$F$17,AV5)>0,1,0)+IF(COUNTIF('Resultats Reals'!$F$2:$F$17,AW5)>0,1,0)+IF(COUNTIF('Resultats Reals'!$F$2:$F$17,AX5)>0,1,0)+IF(COUNTIF('Resultats Reals'!$F$2:$F$17,AY5)>0,1,0)+IF(COUNTIF('Resultats Reals'!$F$2:$F$17,AZ5)>0,1,0)+IF(COUNTIF('Resultats Reals'!$F$2:$F$17,BA5)>0,1,0)+IF(COUNTIF('Resultats Reals'!$F$2:$F$17,BB5)>0,1,0) -> 11 | BY5: =IF(COUNTIF('Resultats Reals'!$G$2:$G$9,BC5)>0,1,0)+IF(COUNTIF('Resultats Reals'!$G$2:$G$9,BD5)>0,1,0)+IF(COUNTIF('Resultats Reals'!$G$2:$G$9,BE5)>0,1,0)+IF(COUNTIF('Resultats Reals'!$G$2:$G$9,BF5)>0,1,0)+IF(COUNTIF('Resultats Reals'!$G$2:$G$9,BG5)>0,1,0)+IF(COUNTIF('Resultats Reals'!$G$2:$G$9,BH5)>0,1,0)+IF(COUNTIF('Resultats Reals'!$G$2:$G$9,BI5)>0,1,0)+IF(COUNTIF('Resultats Reals'!$G$2:$G$9,BJ5)>0,1,0) -> 4 | BZ5: =IF(COUNTIF('Resultats Reals'!$H$2:$H$5,BK5)>0,1,0)+IF(COUNTIF('Resultats Reals'!$H$2:$H$5,BL5)>0,1,0)+IF(COUNTIF('Resultats Reals'!$H$2:$H$5,BM5)>0,1,0)+IF(COUNTIF('Resultats Reals'!$H$2:$H$5,BN5)>0,1,0) -> 3 | CA5: =IF(COUNTIF('Resultats Reals'!$I$2:$I$3,BO5)>0,3,0)+IF(COUNTIF('Resultats Reals'!$I$2:$I$3,BP5)>0,3,0) -> 0 | CB5: =IF(BQ5='Resultats Reals'!$J$2,5,0) -> 0 | CC5: =IF(BS5='Resultats Reals'!$K$2,5,0) -> 0 | CD5: =IFERROR(VLOOKUP(BT5,'Resultats Reals'!$N$2:$O$100,2,FALSE),0) -> 8 | CE5: =IF(BR5='Resultats Reals'!$L$2,5,0) -> 0 | CF5: =SUM(BU5:CE5) -> 75.5
A6: David Dominguez | B6: Obres | C6: Mèxic | D6: Canadà | E6: Brasil | F6: Turquia | G6: Alemanya | H6: Països Baixos | I6: Bèlgica | J6: Espanya | K6: França | L6: Argentina | M6: Portugal | N6: Anglaterra | O6: República Txeca | P6: Bòsnia i Hercegovina | Q6: Marroc | R6: Estats Units | S6: Costa d'Ivori | T6: Japó | U6: Egipte | V6: Uruguai | W6: Noruega | X6: Àustria | Y6: Colòmbia | Z6: Croàcia | AA6: Corea del Sud | AB6: Suïssa | AC6: Escòcia | AD6: Paraguai | AE6: Equador | AF6: Suècia | AG6: Iran | AH6: Aràbia Saudita | AI6: Senegal | AJ6: Algèria | AK6: RD Congo | AL6: Ghana | AM6: Alemanya | AN6: França | AO6: República Txeca | AP6: Països Baixos | AQ6: Croàcia | AR6: Espanya | AS6: Suïssa | AT6: Senegal | AU6: Brasil | AV6: Noruega | AW6: Equador | AX6: Anglaterra | AY6: Argentina | AZ6: Egipte | BA6: Canadà | BB6: Portugal | BC6: França | BD6: Països Baixos | BE6: Espanya | BF6: Senegal | BG6: Brasil | BH6: Anglaterra | BI6: Argentina | BJ6: Portugal | BK6: França | BL6: Espanya | BM6: Brasil | BN6: Argentina | BO6: Espanya | BP6: Argentina | BQ6: Espanya | BS6: Pedri | BT6: Kylian Mbappé | BU6: =IF(C6='Resultats Reals'!$C$2,2,IF(OR(C6='Resultats Reals'!$C$3,COUNTIF('Resultats Reals'!$E$2:$E$33,C6)>0),1,0))+IF(D6='Resultats Reals'!$C$5,2,IF(OR(D6='Resultats Reals'!$C$6,COUNTIF('Resultats Reals'!$E$2:$E$33,D6)>0),1,0))+IF(E6='Resultats Reals'!$C$8,2,IF(OR(E6='Resultats Reals'!$C$9,COUNTIF('Resultats Reals'!$E$2:$E$33,E6)>0),1,0))+IF(F6='Resultats Reals'!$C$11,2,IF(OR(F6='Resultats Reals'!$C$12,COUNTIF('Resultats Reals'!$E$2:$E$33,F6)>0),1,0))+IF(G6='Resultats Reals'!$C$14,2,IF(OR(G6='Resultats Reals'!$C$15,COUNTIF('Resultats Reals'!$E$2:$E$33,G6)>0),1,0))+IF(H6='Resultats Reals'!$C$17,2,IF(OR(H6='Resultats Reals'!$C$18,COUNTIF('Resultats Reals'!$E$2:$E$33,H6)>0),1,0))+IF(I6='Resultats Reals'!$C$20,2,IF(OR(I6='Resultats Reals'!$C$21,COUNTIF('Resultats Reals'!$E$2:$E$33,I6)>0),1,0))+IF(J6='Resultats Reals'!$C$23,2,IF(OR(J6='Resultats Reals'!$C$24,COUNTIF('Resultats Reals'!$E$2:$E$33,J6)>0),1,0))+IF(K6='Resultats Reals'!$C$26,2,IF(OR(K6='Resultats Reals'!$C$27,COUNTIF('Resultats Reals'!$E$2:$E$33,K6)>0),1,0))+IF(L6='Resultats Reals'!$C$29,2,IF(OR(L6='Resultats Reals'!$C$30,COUNTIF('Resultats Reals'!$E$2:$E$33,L6)>0),1,0))+IF(M6='Resultats Reals'!$C$32,2,IF(OR(M6='Resultats Reals'!$C$33,COUNTIF('Resultats Reals'!$E$2:$E$33,M6)>0),1,0))+IF(N6='Resultats Reals'!$C$35,2,IF(OR(N6='Resultats Reals'!$C$36,COUNTIF('Resultats Reals'!$E$2:$E$33,N6)>0),1,0)) -> 20 | BV6: =IF(O6='Resultats Reals'!$C$3,2,IF(OR(O6='Resultats Reals'!$C$2,COUNTIF('Resultats Reals'!$E$2:$E$33,O6)>0),1,0))+IF(P6='Resultats Reals'!$C$6,2,IF(OR(P6='Resultats Reals'!$C$5,COUNTIF('Resultats Reals'!$E$2:$E$33,P6)>0),1,0))+IF(Q6='Resultats Reals'!$C$9,2,IF(OR(Q6='Resultats Reals'!$C$8,COUNTIF('Resultats Reals'!$E$2:$E$33,Q6)>0),1,0))+IF(R6='Resultats Reals'!$C$12,2,IF(OR(R6='Resultats Reals'!$C$11,COUNTIF('Resultats Reals'!$E$2:$E$33,R6)>0),1,0))+IF(S6='Resultats Reals'!$C$15,2,IF(OR(S6='Resultats Reals'!$C$14,COUNTIF('Resultats Reals'!$E$2:$E$33,S6)>0),1,0))+IF(T6='Resultats Reals'!$C$18,2,IF(OR(T6='Resultats Reals'!$C$17,COUNTIF('Resultats Reals'!$E$2:$E$33,T6)>0),1,0))+IF(U6='Resultats Reals'!$C$21,2,IF(OR(U6='Resultats Reals'!$C$20,COUNTIF('Resultats Reals'!$E$2:$E$33,U6)>0),1,0))+IF(V6='Resultats Reals'!$C$24,2,IF(OR(V6='Resultats Reals'!$C$23,COUNTIF('Resultats Reals'!$E$2:$E$33,V6)>0),1,0))+IF(W6='Resultats Reals'!$C$27,2,IF(OR(W6='Resultats Reals'!$C$26,COUNTIF('Resultats Reals'!$E$2:$E$33,W6)>0),1,0))+IF(X6='Resultats Reals'!$C$30,2,IF(OR(X6='Resultats Reals'!$C$29,COUNTIF('Resultats Reals'!$E$2:$E$33,X6)>0),1,0))+IF(Y6='Resultats Reals'!$C$33,2,IF(OR(Y6='Resultats Reals'!$C$32,COUNTIF('Resultats Reals'!$E$2:$E$33,Y6)>0),1,0))+IF(Z6='Resultats Reals'!$C$36,2,IF(OR(Z6='Resultats Reals'!$C$35,COUNTIF('Resultats Reals'!$E$2:$E$33,Z6)>0),1,0)) -> 17 | BW6: =IF(AA6='Resultats Reals'!$C$4,IF(COUNTIF('Resultats Reals'!$E$2:$E$33,AA6)>0,2,0.5),IF(OR(AA6='Resultats Reals'!$C$2,AA6='Resultats Reals'!$C$3,COUNTIF('Resultats Reals'!$E$2:$E$33,AA6)>0),1,0))+IF(AB6='Resultats Reals'!$C$7,IF(COUNTIF('Resultats Reals'!$E$2:$E$33,AB6)>0,2,0.5),IF(OR(AB6='Resultats Reals'!$C$5,AB6='Resultats Reals'!$C$6,COUNTIF('Resultats Reals'!$E$2:$E$33,AB6)>0),1,0))+IF(AC6='Resultats Reals'!$C$10,IF(COUNTIF('Resultats Reals'!$E$2:$E$33,AC6)>0,2,0.5),IF(OR(AC6='Resultats Reals'!$C$8,AC6='Resultats Reals'!$C$9,COUNTIF('Resultats Reals'!$E$2:$E$33,AC6)>0),1,0))+IF(AD6='Resultats Reals'!$C$13,IF(COUNTIF('Resultats Reals'!$E$2:$E$33,AD6)>0,2,0.5),IF(OR(AD6='Resultats Reals'!$C$11,AD6='Resultats Reals'!$C$12,COUNTIF('Resultats Reals'!$E$2:$E$33,AD6)>0),1,0))+IF(AE6='Resultats Reals'!$C$16,IF(COUNTIF('Resultats Reals'!$E$2:$E$33,AE6)>0,2,0.5),IF(OR(AE6='Resultats Reals'!$C$14,AE6='Resultats Reals'!$C$15,COUNTIF('Resultats Reals'!$E$2:$E$33,AE6)>0),1,0))+IF(AF6='Resultats Reals'!$C$19,IF(COUNTIF('Resultats Reals'!$E$2:$E$33,AF6)>0,2,0.5),IF(OR(AF6='Resultats Reals'!$C$17,AF6='Resultats Reals'!$C$18,COUNTIF('Resultats Reals'!$E$2:$E$33,AF6)>0),1,0))+IF(AG6='Resultats Reals'!$C$22,IF(COUNTIF('Resultats Reals'!$E$2:$E$33,AG6)>0,2,0.5),IF(OR(AG6='Resultats Reals'!$C$20,AG6='Resultats Reals'!$C$21,COUNTIF('Resultats Reals'!$E$2:$E$33,AG6)>0),1,0))+IF(AH6='Resultats Reals'!$C$25,IF(COUNTIF('Resultats Reals'!$E$2:$E$33,AH6)>0,2,0.5),IF(OR(AH6='Resultats Reals'!$C$23,AH6='Resultats Reals'!$C$24,COUNTIF('Resultats Reals'!$E$2:$E$33,AH6)>0),1,0))+IF(AI6='Resultats Reals'!$C$28,IF(COUNTIF('Resultats Reals'!$E$2:$E$33,AI6)>0,2,0.5),IF(OR(AI6='Resultats Reals'!$C$26,AI6='Resultats Reals'!$C$27,COUNTIF('Resultats Reals'!$E$2:$E$33,AI6)>0),1,0))+IF(AJ6='Resultats Reals'!$C$31,IF(COUNTIF('Resultats Reals'!$E$2:$E$33,AJ6)>0,2,0.5),IF(OR(AJ6='Resultats Reals'!$C$29,AJ6='Resultats Reals'!$C$30,COUNTIF('Resultats Reals'!$E$2:$E$33,AJ6)>0),1,0))+IF(AK6='Resultats Reals'!$C$34,IF(COUNTIF('Resultats Reals'!$E$2:$E$33,AK6)>0,2,0.5),IF(OR(AK6='Resultats Reals'!$C$32,AK6='Resultats Reals'!$C$33,COUNTIF('Resultats Reals'!$E$2:$E$33,AK6)>0),1,0))+IF(AL6='Resultats Reals'!$C$37,IF(COUNTIF('Resultats Reals'!$E$2:$E$33,AL6)>0,2,0.5),IF(OR(AL6='Resultats Reals'!$C$35,AL6='Resultats Reals'!$C$36,COUNTIF('Resultats Reals'!$E$2:$E$33,AL6)>0),1,0)) -> 16.5 | BX6: =IF(COUNTIF('Resultats Reals'!$F$2:$F$17,AM6)>0,1,0)+IF(COUNTIF('Resultats Reals'!$F$2:$F$17,AN6)>0,1,0)+IF(COUNTIF('Resultats Reals'!$F$2:$F$17,AO6)>0,1,0)+IF(COUNTIF('Resultats Reals'!$F$2:$F$17,AP6)>0,1,0)+IF(COUNTIF('Resultats Reals'!$F$2:$F$17,AQ6)>0,1,0)+IF(COUNTIF('Resultats Reals'!$F$2:$F$17,AR6)>0,1,0)+IF(COUNTIF('Resultats Reals'!$F$2:$F$17,AS6)>0,1,0)+IF(COUNTIF('Resultats Reals'!$F$2:$F$17,AT6)>0,1,0)+IF(COUNTIF('Resultats Reals'!$F$2:$F$17,AU6)>0,1,0)+IF(COUNTIF('Resultats Reals'!$F$2:$F$17,AV6)>0,1,0)+IF(COUNTIF('Resultats Reals'!$F$2:$F$17,AW6)>0,1,0)+IF(COUNTIF('Resultats Reals'!$F$2:$F$17,AX6)>0,1,0)+IF(COUNTIF('Resultats Reals'!$F$2:$F$17,AY6)>0,1,0)+IF(COUNTIF('Resultats Reals'!$F$2:$F$17,AZ6)>0,1,0)+IF(COUNTIF('Resultats Reals'!$F$2:$F$17,BA6)>0,1,0)+IF(COUNTIF('Resultats Reals'!$F$2:$F$17,BB6)>0,1,0) -> 10 | BY6: =IF(COUNTIF('Resultats Reals'!$G$2:$G$9,BC6)>0,1,0)+IF(COUNTIF('Resultats Reals'!$G$2:$G$9,BD6)>0,1,0)+IF(COUNTIF('Resultats Reals'!$G$2:$G$9,BE6)>0,1,0)+IF(COUNTIF('Resultats Reals'!$G$2:$G$9,BF6)>0,1,0)+IF(COUNTIF('Resultats Reals'!$G$2:$G$9,BG6)>0,1,0)+IF(COUNTIF('Resultats Reals'!$G$2:$G$9,BH6)>0,1,0)+IF(COUNTIF('Resultats Reals'!$G$2:$G$9,BI6)>0,1,0)+IF(COUNTIF('Resultats Reals'!$G$2:$G$9,BJ6)>0,1,0) -> 4 | BZ6: =IF(COUNTIF('Resultats Reals'!$H$2:$H$5,BK6)>0,1,0)+IF(COUNTIF('Resultats Reals'!$H$2:$H$5,BL6)>0,1,0)+IF(COUNTIF('Resultats Reals'!$H$2:$H$5,BM6)>0,1,0)+IF(COUNTIF('Resultats Reals'!$H$2:$H$5,BN6)>0,1,0) -> 3 | CA6: =IF(COUNTIF('Resultats Reals'!$I$2:$I$3,BO6)>0,3,0)+IF(COUNTIF('Resultats Reals'!$I$2:$I$3,BP6)>0,3,0) -> 0 | CB6: =IF(BQ6='Resultats Reals'!$J$2,5,0) -> 0 | CC6: =IF(BS6='Resultats Reals'!$K$2,5,0) -> 0 | CD6: =IFERROR(VLOOKUP(BT6,'Resultats Reals'!$N$2:$O$100,2,FALSE),0) -> 8 | CE6: =IF(BR6='Resultats Reals'!$L$2,5,0) -> 0 | CF6: =SUM(BU6:CE6) -> 78.5
A7: Sonia Gallardo | B7: Obres | C7: Mèxic | D7: Suïssa | E7: Marroc | F7: Estats Units | G7: Alemanya | H7: Països Baixos | I7: Bèlgica | J7: Espanya | K7: França | L7: Argentina | M7: Colòmbia | N7: Anglaterra | O7: Corea del Sud | P7: Canadà | Q7: Brasil | R7: Turquia | S7: Equador | T7: Japó | U7: Egipte | V7: Uruguai | W7: Noruega | X7: Àustria | Y7: Portugal | Z7: Croàcia | AA7: República Txeca | AB7: Qatar | AC7: Escòcia | AD7: Paraguai | AE7: Costa d'Ivori | AF7: Suècia | AG7: Nova Zelanda | AH7: Aràbia Saudita | AI7: Senegal | AJ7: Algèria | AK7: Uzbekistan | AL7: Ghana | AM7: Mèxic | AN7: Suïssa | AO7: Marroc | AP7: Estats Units | AQ7: Alemanya | AR7: Països Baixos | AS7: Bèlgica | AT7: Espanya | AU7: França | AV7: Portugal | AW7: Colòmbia | AX7: Anglaterra | AY7: Corea del Sud | AZ7: Brasil | BA7: Japó | BB7: Uruguai | BC7: Mèxic | BD7: Marroc | BE7: Alemanya | BF7: Espanya | BG7: França | BH7: Anglaterra | BI7: Brasil | BJ7: Uruguai | BK7: Marroc | BL7: Espanya | BM7: França | BN7: Brasil | BO7: Espanya | BP7: França | BQ7: Espanya | BS7: Lamine Yamal | BT7: Kylian Mbappé | BU7: =IF(C7='Resultats Reals'!$C$2,2,IF(OR(C7='Resultats Reals'!$C$3,COUNTIF('Resultats Reals'!$E$2:$E$33,C7)>0),1,0))+IF(D7='Resultats Reals'!$C$5,2,IF(OR(D7='Resultats Reals'!$C$6,COUNTIF('Resultats Reals'!$E$2:$E$33,D7)>0),1,0))+IF(E7='Resultats Reals'!$C$8,2,IF(OR(E7='Resultats Reals'!$C$9,COUNTIF('Resultats Reals'!$E$2:$E$33,E7)>0),1,0))+IF(F7='Resultats Reals'!$C$11,2,IF(OR(F7='Resultats Reals'!$C$12,COUNTIF('Resultats Reals'!$E$2:$E$33,F7)>0),1,0))+IF(G7='Resultats Reals'!$C$14,2,IF(OR(G7='Resultats Reals'!$C$15,COUNTIF('Resultats Reals'!$E$2:$E$33,G7)>0),1,0))+IF(H7='Resultats Reals'!$C$17,2,IF(OR(H7='Resultats Reals'!$C$18,COUNTIF('Resultats Reals'!$E$2:$E$33,H7)>0),1,0))+IF(I7='Resultats Reals'!$C$20,2,IF(OR(I7='Resultats Reals'!$C$21,COUNTIF('Resultats Reals'!$E$2:$E$33,I7)>0),1,0))+IF(J7='Resultats Reals'!$C$23,2,IF(OR(J7='Resultats Reals'!$C$24,COUNTIF('Resultats Reals'!$E$2:$E$33,J7)>0),1,0))+IF(K7='Resultats Reals'!$C$26,2,IF(OR(K7='Resultats Reals'!$C$27,COUNTIF('Resultats Reals'!$E$2:$E$33,K7)>0),1,0))+IF(L7='Resultats Reals'!$C$29,2,IF(OR(L7='Resultats Reals'!$C$30,COUNTIF('Resultats Reals'!$E$2:$E$33,L7)>0),1,0))+IF(M7='Resultats Reals'!$C$32,2,IF(OR(M7='Resultats Reals'!$C$33,COUNTIF('Resultats Reals'!$E$2:$E$33,M7)>0),1,0))+IF(N7='Resultats Reals'!$C$35,2,IF(OR(N7='Resultats Reals'!$C$36,COUNTIF('Resultats Reals'!$E$2:$E$33,N7)>0),1,0)) -> 23 | BV7: =IF(O7='Resultats Reals'!$C$3,2,IF(OR(O7='Resultats Reals'!$C$2,COUNTIF('Resultats Reals'!$E$2:$E$33,O7)>0),1,0))+IF(P7='Resultats Reals'!$C$6,2,IF(OR(P7='Resultats Reals'!$C$5,COUNTIF('Resultats Reals'!$E$2:$E$33,P7)>0),1,0))+IF(Q7='Resultats Reals'!$C$9,2,IF(OR(Q7='Resultats Reals'!$C$8,COUNTIF('Resultats Reals'!$E$2:$E$33,Q7)>0),1,0))+IF(R7='Resultats Reals'!$C$12,2,IF(OR(R7='Resultats Reals'!$C$11,COUNTIF('Resultats Reals'!$E$2:$E$33,R7)>0),1,0))+IF(S7='Resultats Reals'!$C$15,2,IF(OR(S7='Resultats Reals'!$C$14,COUNTIF('Resultats Reals'!$E$2:$E$33,S7)>0),1,0))+IF(T7='Resultats Reals'!$C$18,2,IF(OR(T7='Resultats Reals'!$C$17,COUNTIF('Resultats Reals'!$E$2:$E$33,T7)>0),1,0))+IF(U7='Resultats Reals'!$C$21,2,IF(OR(U7='Resultats Reals'!$C$20,COUNTIF('Resultats Reals'!$E$2:$E$33,U7)>0),1,0))+IF(V7='Resultats Reals'!$C$24,2,IF(OR(V7='Resultats Reals'!$C$23,COUNTIF('Resultats Reals'!$E$2:$E$33,V7)>0),1,0))+IF(W7='Resultats Reals'!$C$27,2,IF(OR(W7='Resultats Reals'!$C$26,COUNTIF('Resultats Reals'!$E$2:$E$33,W7)>0),1,0))+IF(X7='Resultats Reals'!$C$30,2,IF(OR(X7='Resultats Reals'!$C$29,COUNTIF('Resultats Reals'!$E$2:$E$33,X7)>0),1,0))+IF(Y7='Resultats Reals'!$C$33,2,IF(OR(Y7='Resultats Reals'!$C$32,COUNTIF('Resultats Reals'!$E$2:$E$33,Y7)>0),1,0))+IF(Z7='Resultats Reals'!$C$36,2,IF(OR(Z7='Resultats Reals'!$C$35,COUNTIF('Resultats Reals'!$E$2:$E$33,Z7)>0),1,0)) -> 16 | BW7: =IF(AA7='Resultats Reals'!$C$4,IF(COUNTIF('Resultats Reals'!$E$2:$E$33,AA7)>0,2,0.5),IF(OR(AA7='Resultats Reals'!$C$2,AA7='Resultats Reals'!$C$3,COUNTIF('Resultats Reals'!$E$2:$E$33,AA7)>0),1,0))+IF(AB7='Resultats Reals'!$C$7,IF(COUNTIF('Resultats Reals'!$E$2:$E$33,AB7)>0,2,0.5),IF(OR(AB7='Resultats Reals'!$C$5,AB7='Resultats Reals'!$C$6,COUNTIF('Resultats Reals'!$E$2:$E$33,AB7)>0),1,0))+IF(AC7='Resultats Reals'!$C$10,IF(COUNTIF('Resultats Reals'!$E$2:$E$33,AC7)>0,2,0.5),IF(OR(AC7='Resultats Reals'!$C$8,AC7='Resultats Reals'!$C$9,COUNTIF('Resultats Reals'!$E$2:$E$33,AC7)>0),1,0))+IF(AD7='Resultats Reals'!$C$13,IF(COUNTIF('Resultats Reals'!$E$2:$E$33,AD7)>0,2,0.5),IF(OR(AD7='Resultats Reals'!$C$11,AD7='Resultats Reals'!$C$12,COUNTIF('Resultats Reals'!$E$2:$E$33,AD7)>0),1,0))+IF(AE7='Resultats Reals'!$C$16,IF(COUNTIF('Resultats Reals'!$E$2:$E$33,AE7)>0,2,0.5),IF(OR(AE7='Resultats Reals'!$C$14,AE7='Resultats Reals'!$C$15,COUNTIF('Resultats Reals'!$E$2:$E$33,AE7)>0),1,0))+IF(AF7='Resultats Reals'!$C$19,IF(COUNTIF('Resultats Reals'!$E$2:$E$33,AF7)>0,2,0.5),IF(OR(AF7='Resultats Reals'!$C$17,AF7='Resultats Reals'!$C$18,COUNTIF('Resultats Reals'!$E$2:$E$33,AF7)>0),1,0))+IF(AG7='Resultats Reals'!$C$22,IF(COUNTIF('Resultats Reals'!$E$2:$E$33,AG7)>0,2,0.5),IF(OR(AG7='Resultats Reals'!$C$20,AG7='Resultats Reals'!$C$21,COUNTIF('Resultats Reals'!$E$2:$E$33,AG7)>0),1,0))+IF(AH7='Resultats Reals'!$C$25,IF(COUNTIF('Resultats Reals'!$E$2:$E$33,AH7)>0,2,0.5),IF(OR(AH7='Resultats Reals'!$C$23,AH7='Resultats Reals'!$C$24,COUNTIF('Resultats Reals'!$E$2:$E$33,AH7)>0),1,0))+IF(AI7='Resultats Reals'!$C$28,IF(COUNTIF('Resultats Reals'!$E$2:$E$33,AI7)>0,2,0.5),IF(OR(AI7='Resultats Reals'!$C$26,AI7='Resultats Reals'!$C$27,COUNTIF('Resultats Reals'!$E$2:$E$33,AI7)>0),1,0))+IF(AJ7='Resultats Reals'!$C$31,IF(COUNTIF('Resultats Reals'!$E$2:$E$33,AJ7)>0,2,0.5),IF(OR(AJ7='Resultats Reals'!$C$29,AJ7='Resultats Reals'!$C$30,COUNTIF('Resultats Reals'!$E$2:$E$33,AJ7)>0),1,0))+IF(AK7='Resultats Reals'!$C$34,IF(COUNTIF('Resultats Reals'!$E$2:$E$33,AK7)>0,2,0.5),IF(OR(AK7='Resultats Reals'!$C$32,AK7='Resultats Reals'!$C$33,COUNTIF('Resultats Reals'!$E$2:$E$33,AK7)>0),1,0))+IF(AL7='Resultats Reals'!$C$37,IF(COUNTIF('Resultats Reals'!$E$2:$E$33,AL7)>0,2,0.5),IF(OR(AL7='Resultats Reals'!$C$35,AL7='Resultats Reals'!$C$36,COUNTIF('Resultats Reals'!$E$2:$E$33,AL7)>0),1,0)) -> 11.5 | BX7: =IF(COUNTIF('Resultats Reals'!$F$2:$F$17,AM7)>0,1,0)+IF(COUNTIF('Resultats Reals'!$F$2:$F$17,AN7)>0,1,0)+IF(COUNTIF('Resultats Reals'!$F$2:$F$17,AO7)>0,1,0)+IF(COUNTIF('Resultats Reals'!$F$2:$F$17,AP7)>0,1,0)+IF(COUNTIF('Resultats Reals'!$F$2:$F$17,AQ7)>0,1,0)+IF(COUNTIF('Resultats Reals'!$F$2:$F$17,AR7)>0,1,0)+IF(COUNTIF('Resultats Reals'!$F$2:$F$17,AS7)>0,1,0)+IF(COUNTIF('Resultats Reals'!$F$2:$F$17,AT7)>0,1,0)+IF(COUNTIF('Resultats Reals'!$F$2:$F$17,AU7)>0,1,0)+IF(COUNTIF('Resultats Reals'!$F$2:$F$17,AV7)>0,1,0)+IF(COUNTIF('Resultats Reals'!$F$2:$F$17,AW7)>0,1,0)+IF(COUNTIF('Resultats Reals'!$F$2:$F$17,AX7)>0,1,0)+IF(COUNTIF('Resultats Reals'!$F$2:$F$17,AY7)>0,1,0)+IF(COUNTIF('Resultats Reals'!$F$2:$F$17,AZ7)>0,1,0)+IF(COUNTIF('Resultats Reals'!$F$2:$F$17,BA7)>0,1,0)+IF(COUNTIF('Resultats Reals'!$F$2:$F$17,BB7)>0,1,0) -> 11 | BY7: =IF(COUNTIF('Resultats Reals'!$G$2:$G$9,BC7)>0,1,0)+IF(COUNTIF('Resultats Reals'!$G$2:$G$9,BD7)>0,1,0)+IF(COUNTIF('Resultats Reals'!$G$2:$G$9,BE7)>0,1,0)+IF(COUNTIF('Resultats Reals'!$G$2:$G$9,BF7)>0,1,0)+IF(COUNTIF('Resultats Reals'!$G$2:$G$9,BG7)>0,1,0)+IF(COUNTIF('Resultats Reals'!$G$2:$G$9,BH7)>0,1,0)+IF(COUNTIF('Resultats Reals'!$G$2:$G$9,BI7)>0,1,0)+IF(COUNTIF('Resultats Reals'!$G$2:$G$9,BJ7)>0,1,0) -> 4 | BZ7: =IF(COUNTIF('Resultats Reals'!$H$2:$H$5,BK7)>0,1,0)+IF(COUNTIF('Resultats Reals'!$H$2:$H$5,BL7)>0,1,0)+IF(COUNTIF('Resultats Reals'!$H$2:$H$5,BM7)>0,1,0)+IF(COUNTIF('Resultats Reals'!$H$2:$H$5,BN7)>0,1,0) -> 2 | CA7: =IF(COUNTIF('Resultats Reals'!$I$2:$I$3,BO7)>0,3,0)+IF(COUNTIF('Resultats Reals'!$I$2:$I$3,BP7)>0,3,0) -> 0 | CB7: =IF(BQ7='Resultats Reals'!$J$2,5,0) -> 0 | CC7: =IF(BS7='Resultats Reals'!$K$2,5,0) -> 0 | CD7: =IFERROR(VLOOKUP(BT7,'Resultats Reals'!$N$2:$O$100,2,FALSE),0) -> 8 | CE7: =IF(BR7='Resultats Reals'!$L$2,5,0) -> 0 | CF7: =SUM(BU7:CE7) -> 75.5
A8: Xavier Llopis | B8: Direcció | C8: Mèxic | D8: Suïssa | E8: Brasil | F8: Estats Units | G8: Alemanya | H8: Països Baixos | I8: Bèlgica | J8: Espanya | K8: França | L8: Argentina | M8: Portugal | N8: Anglaterra | O8: República Txeca | P8: Canadà | Q8: Marroc | R8: Turquia | S8: Equador | T8: Japó | U8: Iran | V8: Uruguai | W8: Noruega | X8: Àustria | Y8: Colòmbia | Z8: Croàcia | AA8: Corea del Sud | AB8: Qatar | AC8: Escòcia | AD8: Austràlia | AE8: Costa d'Ivori | AF8: Suècia | AG8: Egipte | AH8: Aràbia Saudita | AI8: Senegal | AJ8: Algèria | AK8: RD Congo | AL8: Ghana | AM8: Mèxic | AN8: Suïssa | AO8: Brasil | AP8: Estats Units | AQ8: Alemanya | AR8: Països Baixos | AS8: Bèlgica | AT8: Espanya | AU8: França | AV8: Argentina | AW8: Portugal | AX8: Anglaterra | AY8: Uruguai | AZ8: Croàcia | BA8: Colòmbia | BB8: Marroc | BC8: Brasil | BD8: Estats Units | BE8: Alemanya | BF8: Països Baixos | BG8: Anglaterra | BH8: Espanya | BI8: França | BJ8: Argentina | BK8: Espanya | BL8: França | BM8: Anglaterra | BN8: Brasil | BO8: Espanya | BP8: França | BQ8: Espanya | BS8: Lamine Yamal | BT8: Kylian Mbappé | BU8: =IF(C8='Resultats Reals'!$C$2,2,IF(OR(C8='Resultats Reals'!$C$3,COUNTIF('Resultats Reals'!$E$2:$E$33,C8)>0),1,0))+IF(D8='Resultats Reals'!$C$5,2,IF(OR(D8='Resultats Reals'!$C$6,COUNTIF('Resultats Reals'!$E$2:$E$33,D8)>0),1,0))+IF(E8='Resultats Reals'!$C$8,2,IF(OR(E8='Resultats Reals'!$C$9,COUNTIF('Resultats Reals'!$E$2:$E$33,E8)>0),1,0))+IF(F8='Resultats Reals'!$C$11,2,IF(OR(F8='Resultats Reals'!$C$12,COUNTIF('Resultats Reals'!$E$2:$E$33,F8)>0),1,0))+IF(G8='Resultats Reals'!$C$14,2,IF(OR(G8='Resultats Reals'!$C$15,COUNTIF('Resultats Reals'!$E$2:$E$33,G8)>0),1,0))+IF(H8='Resultats Reals'!$C$17,2,IF(OR(H8='Resultats Reals'!$C$18,COUNTIF('Resultats Reals'!$E$2:$E$33,H8)>0),1,0))+IF(I8='Resultats Reals'!$C$20,2,IF(OR(I8='Resultats Reals'!$C$21,COUNTIF('Resultats Reals'!$E$2:$E$33,I8)>0),1,0))+IF(J8='Resultats Reals'!$C$23,2,IF(OR(J8='Resultats Reals'!$C$24,COUNTIF('Resultats Reals'!$E$2:$E$33,J8)>0),1,0))+IF(K8='Resultats Reals'!$C$26,2,IF(OR(K8='Resultats Reals'!$C$27,COUNTIF('Resultats Reals'!$E$2:$E$33,K8)>0),1,0))+IF(L8='Resultats Reals'!$C$29,2,IF(OR(L8='Resultats Reals'!$C$30,COUNTIF('Resultats Reals'!$E$2:$E$33,L8)>0),1,0))+IF(M8='Resultats Reals'!$C$32,2,IF(OR(M8='Resultats Reals'!$C$33,COUNTIF('Resultats Reals'!$E$2:$E$33,M8)>0),1,0))+IF(N8='Resultats Reals'!$C$35,2,IF(OR(N8='Resultats Reals'!$C$36,COUNTIF('Resultats Reals'!$E$2:$E$33,N8)>0),1,0)) -> 23 | BV8: =IF(O8='Resultats Reals'!$C$3,2,IF(OR(O8='Resultats Reals'!$C$2,COUNTIF('Resultats Reals'!$E$2:$E$33,O8)>0),1,0))+IF(P8='Resultats Reals'!$C$6,2,IF(OR(P8='Resultats Reals'!$C$5,COUNTIF('Resultats Reals'!$E$2:$E$33,P8)>0),1,0))+IF(Q8='Resultats Reals'!$C$9,2,IF(OR(Q8='Resultats Reals'!$C$8,COUNTIF('Resultats Reals'!$E$2:$E$33,Q8)>0),1,0))+IF(R8='Resultats Reals'!$C$12,2,IF(OR(R8='Resultats Reals'!$C$11,COUNTIF('Resultats Reals'!$E$2:$E$33,R8)>0),1,0))+IF(S8='Resultats Reals'!$C$15,2,IF(OR(S8='Resultats Reals'!$C$14,COUNTIF('Resultats Reals'!$E$2:$E$33,S8)>0),1,0))+IF(T8='Resultats Reals'!$C$18,2,IF(OR(T8='Resultats Reals'!$C$17,COUNTIF('Resultats Reals'!$E$2:$E$33,T8)>0),1,0))+IF(U8='Resultats Reals'!$C$21,2,IF(OR(U8='Resultats Reals'!$C$20,COUNTIF('Resultats Reals'!$E$2:$E$33,U8)>0),1,0))+IF(V8='Resultats Reals'!$C$24,2,IF(OR(V8='Resultats Reals'!$C$23,COUNTIF('Resultats Reals'!$E$2:$E$33,V8)>0),1,0))+IF(W8='Resultats Reals'!$C$27,2,IF(OR(W8='Resultats Reals'!$C$26,COUNTIF('Resultats Reals'!$E$2:$E$33,W8)>0),1,0))+IF(X8='Resultats Reals'!$C$30,2,IF(OR(X8='Resultats Reals'!$C$29,COUNTIF('Resultats Reals'!$E$2:$E$33,X8)>0),1,0))+IF(Y8='Resultats Reals'!$C$33,2,IF(OR(Y8='Resultats Reals'!$C$32,COUNTIF('Resultats Reals'!$E$2:$E$33,Y8)>0),1,0))+IF(Z8='Resultats Reals'!$C$36,2,IF(OR(Z8='Resultats Reals'!$C$35,COUNTIF('Resultats Reals'!$E$2:$E$33,Z8)>0),1,0)) -> 14 | BW8: =IF(AA8='Resultats Reals'!$C$4,IF(COUNTIF('Resultats Reals'!$E$2:$E$33,AA8)>0,2,0.5),IF(OR(AA8='Resultats Reals'!$C$2,AA8='Resultats Reals'!$C$3,COUNTIF('Resultats Reals'!$E$2:$E$33,AA8)>0),1,0))+IF(AB8='Resultats Reals'!$C$7,IF(COUNTIF('Resultats Reals'!$E$2:$E$33,AB8)>0,2,0.5),IF(OR(AB8='Resultats Reals'!$C$5,AB8='Resultats Reals'!$C$6,COUNTIF('Resultats Reals'!$E$2:$E$33,AB8)>0),1,0))+IF(AC8='Resultats Reals'!$C$10,IF(COUNTIF('Resultats Reals'!$E$2:$E$33,AC8)>0,2,0.5),IF(OR(AC8='Resultats Reals'!$C$8,AC8='Resultats Reals'!$C$9,COUNTIF('Resultats Reals'!$E$2:$E$33,AC8)>0),1,0))+IF(AD8='Resultats Reals'!$C$13,IF(COUNTIF('Resultats Reals'!$E$2:$E$33,AD8)>0,2,0.5),IF(OR(AD8='Resultats Reals'!$C$11,AD8='Resultats Reals'!$C$12,COUNTIF('Resultats Reals'!$E$2:$E$33,AD8)>0),1,0))+IF(AE8='Resultats Reals'!$C$16,IF(COUNTIF('Resultats Reals'!$E$2:$E$33,AE8)>0,2,0.5),IF(OR(AE8='Resultats Reals'!$C$14,AE8='Resultats Reals'!$C$15,COUNTIF('Resultats Reals'!$E$2:$E$33,AE8)>0),1,0))+IF(AF8='Resultats Reals'!$C$19,IF(COUNTIF('Resultats Reals'!$E$2:$E$33,AF8)>0,2,0.5),IF(OR(AF8='Resultats Reals'!$C$17,AF8='Resultats Reals'!$C$18,COUNTIF('Resultats Reals'!$E$2:$E$33,AF8)>0),1,0))+IF(AG8='Resultats Reals'!$C$22,IF(COUNTIF('Resultats Reals'!$E$2:$E$33,AG8)>0,2,0.5),IF(OR(AG8='Resultats Reals'!$C$20,AG8='Resultats Reals'!$C$21,COUNTIF('Resultats Reals'!$E$2:$E$33,AG8)>0),1,0))+IF(AH8='Resultats Reals'!$C$25,IF(COUNTIF('Resultats Reals'!$E$2:$E$33,AH8)>0,2,0.5),IF(OR(AH8='Resultats Reals'!$C$23,AH8='Resultats Reals'!$C$24,COUNTIF('Resultats Reals'!$E$2:$E$33,AH8)>0),1,0))+IF(AI8='Resultats Reals'!$C$28,IF(COUNTIF('Resultats Reals'!$E$2:$E$33,AI8)>0,2,0.5),IF(OR(AI8='Resultats Reals'!$C$26,AI8='Resultats Reals'!$C$27,COUNTIF('Resultats Reals'!$E$2:$E$33,AI8)>0),1,0))+IF(AJ8='Resultats Reals'!$C$31,IF(COUNTIF('Resultats Reals'!$E$2:$E$33,AJ8)>0,2,0.5),IF(OR(AJ8='Resultats Reals'!$C$29,AJ8='Resultats Reals'!$C$30,COUNTIF('Resultats Reals'!$E$2:$E$33,AJ8)>0),1,0))+IF(AK8='Resultats Reals'!$C$34,IF(COUNTIF('Resultats Reals'!$E$2:$E$33,AK8)>0,2,0.5),IF(OR(AK8='Resultats Reals'!$C$32,AK8='Resultats Reals'!$C$33,COUNTIF('Resultats Reals'!$E$2:$E$33,AK8)>0),1,0))+IF(AL8='Resultats Reals'!$C$37,IF(COUNTIF('Resultats Reals'!$E$2:$E$33,AL8)>0,2,0.5),IF(OR(AL8='Resultats Reals'!$C$35,AL8='Resultats Reals'!$C$36,COUNTIF('Resultats Reals'!$E$2:$E$33,AL8)>0),1,0)) -> 14 | BX8: =IF(COUNTIF('Resultats Reals'!$F$2:$F$17,AM8)>0,1,0)+IF(COUNTIF('Resultats Reals'!$F$2:$F$17,AN8)>0,1,0)+IF(COUNTIF('Resultats Reals'!$F$2:$F$17,AO8)>0,1,0)+IF(COUNTIF('Resultats Reals'!$F$2:$F$17,AP8)>0,1,0)+IF(COUNTIF('Resultats Reals'!$F$2:$F$17,AQ8)>0,1,0)+IF(COUNTIF('Resultats Reals'!$F$2:$F$17,AR8)>0,1,0)+IF(COUNTIF('Resultats Reals'!$F$2:$F$17,AS8)>0,1,0)+IF(COUNTIF('Resultats Reals'!$F$2:$F$17,AT8)>0,1,0)+IF(COUNTIF('Resultats Reals'!$F$2:$F$17,AU8)>0,1,0)+IF(COUNTIF('Resultats Reals'!$F$2:$F$17,AV8)>0,1,0)+IF(COUNTIF('Resultats Reals'!$F$2:$F$17,AW8)>0,1,0)+IF(COUNTIF('Resultats Reals'!$F$2:$F$17,AX8)>0,1,0)+IF(COUNTIF('Resultats Reals'!$F$2:$F$17,AY8)>0,1,0)+IF(COUNTIF('Resultats Reals'!$F$2:$F$17,AZ8)>0,1,0)+IF(COUNTIF('Resultats Reals'!$F$2:$F$17,BA8)>0,1,0)+IF(COUNTIF('Resultats Reals'!$F$2:$F$17,BB8)>0,1,0) -> 12 | BY8: =IF(COUNTIF('Resultats Reals'!$G$2:$G$9,BC8)>0,1,0)+IF(COUNTIF('Resultats Reals'!$G$2:$G$9,BD8)>0,1,0)+IF(COUNTIF('Resultats Reals'!$G$2:$G$9,BE8)>0,1,0)+IF(COUNTIF('Resultats Reals'!$G$2:$G$9,BF8)>0,1,0)+IF(COUNTIF('Resultats Reals'!$G$2:$G$9,BG8)>0,1,0)+IF(COUNTIF('Resultats Reals'!$G$2:$G$9,BH8)>0,1,0)+IF(COUNTIF('Resultats Reals'!$G$2:$G$9,BI8)>0,1,0)+IF(COUNTIF('Resultats Reals'!$G$2:$G$9,BJ8)>0,1,0) -> 4 | BZ8: =IF(COUNTIF('Resultats Reals'!$H$2:$H$5,BK8)>0,1,0)+IF(COUNTIF('Resultats Reals'!$H$2:$H$5,BL8)>0,1,0)+IF(COUNTIF('Resultats Reals'!$H$2:$H$5,BM8)>0,1,0)+IF(COUNTIF('Resultats Reals'!$H$2:$H$5,BN8)>0,1,0) -> 3 | CA8: =IF(COUNTIF('Resultats Reals'!$I$2:$I$3,BO8)>0,3,0)+IF(COUNTIF('Resultats Reals'!$I$2:$I$3,BP8)>0,3,0) -> 0 | CB8: =IF(BQ8='Resultats Reals'!$J$2,5,0) -> 0 | CC8: =IF(BS8='Resultats Reals'!$K$2,5,0) -> 0 | CD8: =IFERROR(VLOOKUP(BT8,'Resultats Reals'!$N$2:$O$100,2,FALSE),0) -> 8 | CE8: =IF(BR8='Resultats Reals'!$L$2,5,0) -> 0 | CF8: =SUM(BU8:CE8) -> 78
A9: Francisco Jose Lopez Cruz | B9: Manteniment | C9: Mèxic | D9: Canadà | E9: Brasil | F9: Estats Units | G9: Alemanya | H9: Països Baixos | I9: Bèlgica | J9: Espanya | K9: França | L9: Argentina | M9: Portugal | N9: Anglaterra | O9: Corea del Sud | P9: Suïssa | Q9: Marroc | R9: Turquia | S9: Equador | T9: Japó | U9: Iran | V9: Uruguai | W9: Senegal | X9: Àustria | Y9: Colòmbia | Z9: Croàcia | AA9: Sud-àfrica | AB9: Qatar | AC9: Escòcia | AD9: Austràlia | AE9: Costa d'Ivori | AF9: Suècia | AG9: Egipte | AH9: Aràbia Saudita | AI9: Noruega | AJ9: Algèria | AK9: Uzbekistan | AL9: Ghana | AM9: Mèxic | AN9: Corea del Sud | AO9: Canadà | AP9: Suïssa | AQ9: Brasil | AR9: Marroc | AS9: Estats Units | AT9: Turquia | AU9: Alemanya | AV9: Equador | AW9: Països Baixos | AX9: Japó | AY9: Bèlgica | AZ9: Espanya | BA9: França | BB9: Argentina | BC9: Brasil | BD9: Espanya | BE9: França | BF9: Argentina | BG9: Anglaterra | BH9: Portugal | BI9: Alemanya | BJ9: Països Baixos | BK9: França | BL9: Espanya | BM9: Brasil | BN9: Argentina | BO9: França | BP9: Espanya | BQ9: Espanya | BR9: 2026-02-01 | BS9: Lamine Yamal | BT9: Kylian Mbappé | BU9: =IF(C9='Resultats Reals'!$C$2,2,IF(OR(C9='Resultats Reals'!$C$3,COUNTIF('Resultats Reals'!$E$2:$E$33,C9)>0),1,0))+IF(D9='Resultats Reals'!$C$5,2,IF(OR(D9='Resultats Reals'!$C$6,COUNTIF('Resultats Reals'!$E$2:$E$33,D9)>0),1,0))+IF(E9='Resultats Reals'!$C$8,2,IF(OR(E9='Resultats Reals'!$C$9,COUNTIF('Resultats Reals'!$E$2:$E$33,E9)>0),1,0))+IF(F9='Resultats Reals'!$C$11,2,IF(OR(F9='Resultats Reals'!$C$12,COUNTIF('Resultats Reals'!$E$2:$E$33,F9)>0),1,0))+IF(G9='Resultats Reals'!$C$14,2,IF(OR(G9='Resultats Reals'!$C$15,COUNTIF('Resultats Reals'!$E$2:$E$33,G9)>0),1,0))+IF(H9='Resultats Reals'!$C$17,2,IF(OR(H9='Resultats Reals'!$C$18,COUNTIF('Resultats Reals'!$E$2:$E$33,H9)>0),1,0))+IF(I9='Resultats Reals'!$C$20,2,IF(OR(I9='Resultats Reals'!$C$21,COUNTIF('Resultats Reals'!$E$2:$E$33,I9)>0),1,0))+IF(J9='Resultats Reals'!$C$23,2,IF(OR(J9='Resultats Reals'!$C$24,COUNTIF('Resultats Reals'!$E$2:$E$33,J9)>0),1,0))+IF(K9='Resultats Reals'!$C$26,2,IF(OR(K9='Resultats Reals'!$C$27,COUNTIF('Resultats Reals'!$E$2:$E$33,K9)>0),1,0))+IF(L9='Resultats Reals'!$C$29,2,IF(OR(L9='Resultats Reals'!$C$30,COUNTIF('Resultats Reals'!$E$2:$E$33,L9)>0),1,0))+IF(M9='Resultats Reals'!$C$32,2,IF(OR(M9='Resultats Reals'!$C$33,COUNTIF('Resultats Reals'!$E$2:$E$33,M9)>0),1,0))+IF(N9='Resultats Reals'!$C$35,2,IF(OR(N9='Resultats Reals'!$C$36,COUNTIF('Resultats Reals'!$E$2:$E$33,N9)>0),1,0)) -> 22 | BV9: =IF(O9='Resultats Reals'!$C$3,2,IF(OR(O9='Resultats Reals'!$C$2,COUNTIF('Resultats Reals'!$E$2:$E$33,O9)>0),1,0))+IF(P9='Resultats Reals'!$C$6,2,IF(OR(P9='Resultats Reals'!$C$5,COUNTIF('Resultats Reals'!$E$2:$E$33,P9)>0),1,0))+IF(Q9='Resultats Reals'!$C$9,2,IF(OR(Q9='Resultats Reals'!$C$8,COUNTIF('Resultats Reals'!$E$2:$E$33,Q9)>0),1,0))+IF(R9='Resultats Reals'!$C$12,2,IF(OR(R9='Resultats Reals'!$C$11,COUNTIF('Resultats Reals'!$E$2:$E$33,R9)>0),1,0))+IF(S9='Resultats Reals'!$C$15,2,IF(OR(S9='Resultats Reals'!$C$14,COUNTIF('Resultats Reals'!$E$2:$E$33,S9)>0),1,0))+IF(T9='Resultats Reals'!$C$18,2,IF(OR(T9='Resultats Reals'!$C$17,COUNTIF('Resultats Reals'!$E$2:$E$33,T9)>0),1,0))+IF(U9='Resultats Reals'!$C$21,2,IF(OR(U9='Resultats Reals'!$C$20,COUNTIF('Resultats Reals'!$E$2:$E$33,U9)>0),1,0))+IF(V9='Resultats Reals'!$C$24,2,IF(OR(V9='Resultats Reals'!$C$23,COUNTIF('Resultats Reals'!$E$2:$E$33,V9)>0),1,0))+IF(W9='Resultats Reals'!$C$27,2,IF(OR(W9='Resultats Reals'!$C$26,COUNTIF('Resultats Reals'!$E$2:$E$33,W9)>0),1,0))+IF(X9='Resultats Reals'!$C$30,2,IF(OR(X9='Resultats Reals'!$C$29,COUNTIF('Resultats Reals'!$E$2:$E$33,X9)>0),1,0))+IF(Y9='Resultats Reals'!$C$33,2,IF(OR(Y9='Resultats Reals'!$C$32,COUNTIF('Resultats Reals'!$E$2:$E$33,Y9)>0),1,0))+IF(Z9='Resultats Reals'!$C$36,2,IF(OR(Z9='Resultats Reals'!$C$35,COUNTIF('Resultats Reals'!$E$2:$E$33,Z9)>0),1,0)) -> 12 | BW9: =IF(AA9='Resultats Reals'!$C$4,IF(COUNTIF('Resultats Reals'!$E$2:$E$33,AA9)>0,2,0.5),IF(OR(AA9='Resultats Reals'!$C$2,AA9='Resultats Reals'!$C$3,COUNTIF('Resultats Reals'!$E$2:$E$33,AA9)>0),1,0))+IF(AB9='Resultats Reals'!$C$7,IF(COUNTIF('Resultats Reals'!$E$2:$E$33,AB9)>0,2,0.5),IF(OR(AB9='Resultats Reals'!$C$5,AB9='Resultats Reals'!$C$6,COUNTIF('Resultats Reals'!$E$2:$E$33,AB9)>0),1,0))+IF(AC9='Resultats Reals'!$C$10,IF(COUNTIF('Resultats Reals'!$E$2:$E$33,AC9)>0,2,0.5),IF(OR(AC9='Resultats Reals'!$C$8,AC9='Resultats Reals'!$C$9,COUNTIF('Resultats Reals'!$E$2:$E$33,AC9)>0),1,0))+IF(AD9='Resultats Reals'!$C$13,IF(COUNTIF('Resultats Reals'!$E$2:$E$33,AD9)>0,2,0.5),IF(OR(AD9='Resultats Reals'!$C$11,AD9='Resultats Reals'!$C$12,COUNTIF('Resultats Reals'!$E$2:$E$33,AD9)>0),1,0))+IF(AE9='Resultats Reals'!$C$16,IF(COUNTIF('Resultats Reals'!$E$2:$E$33,AE9)>0,2,0.5),IF(OR(AE9='Resultats Reals'!$C$14,AE9='Resultats Reals'!$C$15,COUNTIF('Resultats Reals'!$E$2:$E$33,AE9)>0),1,0))+IF(AF9='Resultats Reals'!$C$19,IF(COUNTIF('Resultats Reals'!$E$2:$E$33,AF9)>0,2,0.5),IF(OR(AF9='Resultats Reals'!$C$17,AF9='Resultats Reals'!$C$18,COUNTIF('Resultats Reals'!$E$2:$E$33,AF9)>0),1,0))+IF(AG9='Resultats Reals'!$C$22,IF(COUNTIF('Resultats Reals'!$E$2:$E$33,AG9)>0,2,0.5),IF(OR(AG9='Resultats Reals'!$C$20,AG9='Resultats Reals'!$C$21,COUNTIF('Resultats Reals'!$E$2:$E$33,AG9)>0),1,0))+IF(AH9='Resultats Reals'!$C$25,IF(COUNTIF('Resultats Reals'!$E$2:$E$33,AH9)>0,2,0.5),IF(OR(AH9='Resultats Reals'!$C$23,AH9='Resultats Reals'!$C$24,COUNTIF('Resultats Reals'!$E$2:$E$33,AH9)>0),1,0))+IF(AI9='Resultats Reals'!$C$28,IF(COUNTIF('Resultats Reals'!$E$2:$E$33,AI9)>0,2,0.5),IF(OR(AI9='Resultats Reals'!$C$26,AI9='Resultats Reals'!$C$27,COUNTIF('Resultats Reals'!$E$2:$E$33,AI9)>0),1,0))+IF(AJ9='Resultats Reals'!$C$31,IF(COUNTIF('Resultats Reals'!$E$2:$E$33,AJ9)>0,2,0.5),IF(OR(AJ9='Resultats Reals'!$C$29,AJ9='Resultats Reals'!$C$30,COUNTIF('Resultats Reals'!$E$2:$E$33,AJ9)>0),1,0))+IF(AK9='Resultats Reals'!$C$34,IF(COUNTIF('Resultats Reals'!$E$2:$E$33,AK9)>0,2,0.5),IF(OR(AK9='Resultats Reals'!$C$32,AK9='Resultats Reals'!$C$33,COUNTIF('Resultats Reals'!$E$2:$E$33,AK9)>0),1,0))+IF(AL9='Resultats Reals'!$C$37,IF(COUNTIF('Resultats Reals'!$E$2:$E$33,AL9)>0,2,0.5),IF(OR(AL9='Resultats Reals'!$C$35,AL9='Resultats Reals'!$C$36,COUNTIF('Resultats Reals'!$E$2:$E$33,AL9)>0),1,0)) -> 11.5 | BX9: =IF(COUNTIF('Resultats Reals'!$F$2:$F$17,AM9)>0,1,0)+IF(COUNTIF('Resultats Reals'!$F$2:$F$17,AN9)>0,1,0)+IF(COUNTIF('Resultats Reals'!$F$2:$F$17,AO9)>0,1,0)+IF(COUNTIF('Resultats Reals'!$F$2:$F$17,AP9)>0,1,0)+IF(COUNTIF('Resultats Reals'!$F$2:$F$17,AQ9)>0,1,0)+IF(COUNTIF('Resultats Reals'!$F$2:$F$17,AR9)>0,1,0)+IF(COUNTIF('Resultats Reals'!$F$2:$F$17,AS9)>0,1,0)+IF(COUNTIF('Resultats Reals'!$F$2:$F$17,AT9)>0,1,0)+IF(COUNTIF('Resultats Reals'!$F$2:$F$17,AU9)>0,1,0)+IF(COUNTIF('Resultats Reals'!$F$2:$F$17,AV9)>0,1,0)+IF(COUNTIF('Resultats Reals'!$F$2:$F$17,AW9)>0,1,0)+IF(COUNTIF('Resultats Reals'!$F$2:$F$17,AX9)>0,1,0)+IF(COUNTIF('Resultats Reals'!$F$2:$F$17,AY9)>0,1,0)+IF(COUNTIF('Resultats Reals'!$F$2:$F$17,AZ9)>0,1,0)+IF(COUNTIF('Resultats Reals'!$F$2:$F$17,BA9)>0,1,0)+IF(COUNTIF('Resultats Reals'!$F$2:$F$17,BB9)>0,1,0) -> 10 | BY9: =IF(COUNTIF('Resultats Reals'!$G$2:$G$9,BC9)>0,1,0)+IF(COUNTIF('Resultats Reals'!$G$2:$G$9,BD9)>0,1,0)+IF(COUNTIF('Resultats Reals'!$G$2:$G$9,BE9)>0,1,0)+IF(COUNTIF('Resultats Reals'!$G$2:$G$9,BF9)>0,1,0)+IF(COUNTIF('Resultats Reals'!$G$2:$G$9,BG9)>0,1,0)+IF(COUNTIF('Resultats Reals'!$G$2:$G$9,BH9)>0,1,0)+IF(COUNTIF('Resultats Reals'!$G$2:$G$9,BI9)>0,1,0)+IF(COUNTIF('Resultats Reals'!$G$2:$G$9,BJ9)>0,1,0) -> 4 | BZ9: =IF(COUNTIF('Resultats Reals'!$H$2:$H$5,BK9)>0,1,0)+IF(COUNTIF('Resultats Reals'!$H$2:$H$5,BL9)>0,1,0)+IF(COUNTIF('Resultats Reals'!$H$2:$H$5,BM9)>0,1,0)+IF(COUNTIF('Resultats Reals'!$H$2:$H$5,BN9)>0,1,0) -> 3 | CA9: =IF(COUNTIF('Resultats Reals'!$I$2:$I$3,BO9)>0,3,0)+IF(COUNTIF('Resultats Reals'!$I$2:$I$3,BP9)>0,3,0) -> 0 | CB9: =IF(BQ9='Resultats Reals'!$J$2,5,0) -> 0 | CC9: =IF(BS9='Resultats Reals'!$K$2,5,0) -> 0 | CD9: =IFERROR(VLOOKUP(BT9,'Resultats Reals'!$N$2:$O$100,2,FALSE),0) -> 8 | CE9: =IF(BR9='Resultats Reals'!$L$2,5,0) -> 0 | CF9: =SUM(BU9:CE9) -> 70.5
A10: Lucia Gonzalez Corazza | B10: Estudis | C10: Mèxic | D10: Suïssa | E10: Brasil | F10: Turquia | G10: Alemanya | H10: Països Baixos | I10: Bèlgica | J10: Espanya | K10: França | L10: Argentina | M10: Colòmbia | N10: Anglaterra | O10: Corea del Sud | P10: Canadà | Q10: Marroc | R10: Estats Units | S10: Costa d'Ivori | T10: Suècia | U10: Egipte | V10: Uruguai | W10: Senegal | X10: Àustria | Y10: Portugal | Z10: Croàcia | AA10: República Txeca | AB10: Qatar | AC10: Escòcia | AD10: Paraguai | AE10: Equador | AF10: Japó | AG10: Iran | AH10: Cap Verd | AI10: Noruega | AJ10: Jordània | AK10: RD Congo | AL10: Panamà | AM10: França | AN10: Espanya | AO10: Anglaterra | AP10: Portugal | AQ10: Alemanya | AR10: Brasil | AS10: Argentina | AT10: Bèlgica | AU10: Colòmbia | AV10: Països Baixos | AW10: Suïssa | AX10: Marroc | AY10: Colòmbia | AZ10: Canadà | BA10: Noruega | BB10: Turquia | BC10: Espanya | BD10: França | BE10: Argentina | BF10: Anglaterra | BG10: Brasil | BH10: Portugal | BI10: Marroc | BJ10: Països Baixos | BK10: Argentina | BL10: Països Baixos | BM10: Espanya | BN10: Brasil | BO10: Argentina | BP10: Països Baixos | BQ10: Argentina | BS10: Lamine Yamal | BT10: Kylian Mbappé | BU10: =IF(C10='Resultats Reals'!$C$2,2,IF(OR(C10='Resultats Reals'!$C$3,COUNTIF('Resultats Reals'!$E$2:$E$33,C10)>0),1,0))+IF(D10='Resultats Reals'!$C$5,2,IF(OR(D10='Resultats Reals'!$C$6,COUNTIF('Resultats Reals'!$E$2:$E$33,D10)>0),1,0))+IF(E10='Resultats Reals'!$C$8,2,IF(OR(E10='Resultats Reals'!$C$9,COUNTIF('Resultats Reals'!$E$2:$E$33,E10)>0),1,0))+IF(F10='Resultats Reals'!$C$11,2,IF(OR(F10='Resultats Reals'!$C$12,COUNTIF('Resultats Reals'!$E$2:$E$33,F10)>0),1,0))+IF(G10='Resultats Reals'!$C$14,2,IF(OR(G10='Resultats Reals'!$C$15,COUNTIF('Resultats Reals'!$E$2:$E$33,G10)>0),1,0))+IF(H10='Resultats Reals'!$C$17,2,IF(OR(H10='Resultats Reals'!$C$18,COUNTIF('Resultats Reals'!$E$2:$E$33,H10)>0),1,0))+IF(I10='Resultats Reals'!$C$20,2,IF(OR(I10='Resultats Reals'!$C$21,COUNTIF('Resultats Reals'!$E$2:$E$33,I10)>0),1,0))+IF(J10='Resultats Reals'!$C$23,2,IF(OR(J10='Resultats Reals'!$C$24,COUNTIF('Resultats Reals'!$E$2:$E$33,J10)>0),1,0))+IF(K10='Resultats Reals'!$C$26,2,IF(OR(K10='Resultats Reals'!$C$27,COUNTIF('Resultats Reals'!$E$2:$E$33,K10)>0),1,0))+IF(L10='Resultats Reals'!$C$29,2,IF(OR(L10='Resultats Reals'!$C$30,COUNTIF('Resultats Reals'!$E$2:$E$33,L10)>0),1,0))+IF(M10='Resultats Reals'!$C$32,2,IF(OR(M10='Resultats Reals'!$C$33,COUNTIF('Resultats Reals'!$E$2:$E$33,M10)>0),1,0))+IF(N10='Resultats Reals'!$C$35,2,IF(OR(N10='Resultats Reals'!$C$36,COUNTIF('Resultats Reals'!$E$2:$E$33,N10)>0),1,0)) -> 22 | BV10: =IF(O10='Resultats Reals'!$C$3,2,IF(OR(O10='Resultats Reals'!$C$2,COUNTIF('Resultats Reals'!$E$2:$E$33,O10)>0),1,0))+IF(P10='Resultats Reals'!$C$6,2,IF(OR(P10='Resultats Reals'!$C$5,COUNTIF('Resultats Reals'!$E$2:$E$33,P10)>0),1,0))+IF(Q10='Resultats Reals'!$C$9,2,IF(OR(Q10='Resultats Reals'!$C$8,COUNTIF('Resultats Reals'!$E$2:$E$33,Q10)>0),1,0))+IF(R10='Resultats Reals'!$C$12,2,IF(OR(R10='Resultats Reals'!$C$11,COUNTIF('Resultats Reals'!$E$2:$E$33,R10)>0),1,0))+IF(S10='Resultats Reals'!$C$15,2,IF(OR(S10='Resultats Reals'!$C$14,COUNTIF('Resultats Reals'!$E$2:$E$33,S10)>0),1,0))+IF(T10='Resultats Reals'!$C$18,2,IF(OR(T10='Resultats Reals'!$C$17,COUNTIF('Resultats Reals'!$E$2:$E$33,T10)>0),1,0))+IF(U10='Resultats Reals'!$C$21,2,IF(OR(U10='Resultats Reals'!$C$20,COUNTIF('Resultats Reals'!$E$2:$E$33,U10)>0),1,0))+IF(V10='Resultats Reals'!$C$24,2,IF(OR(V10='Resultats Reals'!$C$23,COUNTIF('Resultats Reals'!$E$2:$E$33,V10)>0),1,0))+IF(W10='Resultats Reals'!$C$27,2,IF(OR(W10='Resultats Reals'!$C$26,COUNTIF('Resultats Reals'!$E$2:$E$33,W10)>0),1,0))+IF(X10='Resultats Reals'!$C$30,2,IF(OR(X10='Resultats Reals'!$C$29,COUNTIF('Resultats Reals'!$E$2:$E$33,X10)>0),1,0))+IF(Y10='Resultats Reals'!$C$33,2,IF(OR(Y10='Resultats Reals'!$C$32,COUNTIF('Resultats Reals'!$E$2:$E$33,Y10)>0),1,0))+IF(Z10='Resultats Reals'!$C$36,2,IF(OR(Z10='Resultats Reals'!$C$35,COUNTIF('Resultats Reals'!$E$2:$E$33,Z10)>0),1,0)) -> 17 | BW10: =IF(AA10='Resultats Reals'!$C$4,IF(COUNTIF('Resultats Reals'!$E$2:$E$33,AA10)>0,2,0.5),IF(OR(AA10='Resultats Reals'!$C$2,AA10='Resultats Reals'!$C$3,COUNTIF('Resultats Reals'!$E$2:$E$33,AA10)>0),1,0))+IF(AB10='Resultats Reals'!$C$7,IF(COUNTIF('Resultats Reals'!$E$2:$E$33,AB10)>0,2,0.5),IF(OR(AB10='Resultats Reals'!$C$5,AB10='Resultats Reals'!$C$6,COUNTIF('Resultats Reals'!$E$2:$E$33,AB10)>0),1,0))+IF(AC10='Resultats Reals'!$C$10,IF(COUNTIF('Resultats Reals'!$E$2:$E$33,AC10)>0,2,0.5),IF(OR(AC10='Resultats Reals'!$C$8,AC10='Resultats Reals'!$C$9,COUNTIF('Resultats Reals'!$E$2:$E$33,AC10)>0),1,0))+IF(AD10='Resultats Reals'!$C$13,IF(COUNTIF('Resultats Reals'!$E$2:$E$33,AD10)>0,2,0.5),IF(OR(AD10='Resultats Reals'!$C$11,AD10='Resultats Reals'!$C$12,COUNTIF('Resultats Reals'!$E$2:$E$33,AD10)>0),1,0))+IF(AE10='Resultats Reals'!$C$16,IF(COUNTIF('Resultats Reals'!$E$2:$E$33,AE10)>0,2,0.5),IF(OR(AE10='Resultats Reals'!$C$14,AE10='Resultats Reals'!$C$15,COUNTIF('Resultats Reals'!$E$2:$E$33,AE10)>0),1,0))+IF(AF10='Resultats Reals'!$C$19,IF(COUNTIF('Resultats Reals'!$E$2:$E$33,AF10)>0,2,0.5),IF(OR(AF10='Resultats Reals'!$C$17,AF10='Resultats Reals'!$C$18,COUNTIF('Resultats Reals'!$E$2:$E$33,AF10)>0),1,0))+IF(AG10='Resultats Reals'!$C$22,IF(COUNTIF('Resultats Reals'!$E$2:$E$33,AG10)>0,2,0.5),IF(OR(AG10='Resultats Reals'!$C$20,AG10='Resultats Reals'!$C$21,COUNTIF('Resultats Reals'!$E$2:$E$33,AG10)>0),1,0))+IF(AH10='Resultats Reals'!$C$25,IF(COUNTIF('Resultats Reals'!$E$2:$E$33,AH10)>0,2,0.5),IF(OR(AH10='Resultats Reals'!$C$23,AH10='Resultats Reals'!$C$24,COUNTIF('Resultats Reals'!$E$2:$E$33,AH10)>0),1,0))+IF(AI10='Resultats Reals'!$C$28,IF(COUNTIF('Resultats Reals'!$E$2:$E$33,AI10)>0,2,0.5),IF(OR(AI10='Resultats Reals'!$C$26,AI10='Resultats Reals'!$C$27,COUNTIF('Resultats Reals'!$E$2:$E$33,AI10)>0),1,0))+IF(AJ10='Resultats Reals'!$C$31,IF(COUNTIF('Resultats Reals'!$E$2:$E$33,AJ10)>0,2,0.5),IF(OR(AJ10='Resultats Reals'!$C$29,AJ10='Resultats Reals'!$C$30,COUNTIF('Resultats Reals'!$E$2:$E$33,AJ10)>0),1,0))+IF(AK10='Resultats Reals'!$C$34,IF(COUNTIF('Resultats Reals'!$E$2:$E$33,AK10)>0,2,0.5),IF(OR(AK10='Resultats Reals'!$C$32,AK10='Resultats Reals'!$C$33,COUNTIF('Resultats Reals'!$E$2:$E$33,AK10)>0),1,0))+IF(AL10='Resultats Reals'!$C$37,IF(COUNTIF('Resultats Reals'!$E$2:$E$33,AL10)>0,2,0.5),IF(OR(AL10='Resultats Reals'!$C$35,AL10='Resultats Reals'!$C$36,COUNTIF('Resultats Reals'!$E$2:$E$33,AL10)>0),1,0)) -> 10 | BX10: =IF(COUNTIF('Resultats Reals'!$F$2:$F$17,AM10)>0,1,0)+IF(COUNTIF('Resultats Reals'!$F$2:$F$17,AN10)>0,1,0)+IF(COUNTIF('Resultats Reals'!$F$2:$F$17,AO10)>0,1,0)+IF(COUNTIF('Resultats Reals'!$F$2:$F$17,AP10)>0,1,0)+IF(COUNTIF('Resultats Reals'!$F$2:$F$17,AQ10)>0,1,0)+IF(COUNTIF('Resultats Reals'!$F$2:$F$17,AR10)>0,1,0)+IF(COUNTIF('Resultats Reals'!$F$2:$F$17,AS10)>0,1,0)+IF(COUNTIF('Resultats Reals'!$F$2:$F$17,AT10)>0,1,0)+IF(COUNTIF('Resultats Reals'!$F$2:$F$17,AU10)>0,1,0)+IF(COUNTIF('Resultats Reals'!$F$2:$F$17,AV10)>0,1,0)+IF(COUNTIF('Resultats Reals'!$F$2:$F$17,AW10)>0,1,0)+IF(COUNTIF('Resultats Reals'!$F$2:$F$17,AX10)>0,1,0)+IF(COUNTIF('Resultats Reals'!$F$2:$F$17,AY10)>0,1,0)+IF(COUNTIF('Resultats Reals'!$F$2:$F$17,AZ10)>0,1,0)+IF(COUNTIF('Resultats Reals'!$F$2:$F$17,BA10)>0,1,0)+IF(COUNTIF('Resultats Reals'!$F$2:$F$17,BB10)>0,1,0) -> 13 | BY10: =IF(COUNTIF('Resultats Reals'!$G$2:$G$9,BC10)>0,1,0)+IF(COUNTIF('Resultats Reals'!$G$2:$G$9,BD10)>0,1,0)+IF(COUNTIF('Resultats Reals'!$G$2:$G$9,BE10)>0,1,0)+IF(COUNTIF('Resultats Reals'!$G$2:$G$9,BF10)>0,1,0)+IF(COUNTIF('Resultats Reals'!$G$2:$G$9,BG10)>0,1,0)+IF(COUNTIF('Resultats Reals'!$G$2:$G$9,BH10)>0,1,0)+IF(COUNTIF('Resultats Reals'!$G$2:$G$9,BI10)>0,1,0)+IF(COUNTIF('Resultats Reals'!$G$2:$G$9,BJ10)>0,1,0) -> 5 | BZ10: =IF(COUNTIF('Resultats Reals'!$H$2:$H$5,BK10)>0,1,0)+IF(COUNTIF('Resultats Reals'!$H$2:$H$5,BL10)>0,1,0)+IF(COUNTIF('Resultats Reals'!$H$2:$H$5,BM10)>0,1,0)+IF(COUNTIF('Resultats Reals'!$H$2:$H$5,BN10)>0,1,0) -> 2 | CA10: =IF(COUNTIF('Resultats Reals'!$I$2:$I$3,BO10)>0,3,0)+IF(COUNTIF('Resultats Reals'!$I$2:$I$3,BP10)>0,3,0) -> 0 | CB10: =IF(BQ10='Resultats Reals'!$J$2,5,0) -> 0 | CC10: =IF(BS10='Resultats Reals'!$K$2,5,0) -> 0 | CD10: =IFERROR(VLOOKUP(BT10,'Resultats Reals'!$N$2:$O$100,2,FALSE),0) -> 8 | CE10: =IF(BR10='Resultats Reals'!$L$2,5,0) -> 0 | CF10: =SUM(BU10:CE10) -> 77
A11: Bernabe Ferreres Lopez | B11: Manteniment | C11: Mèxic | D11: Suïssa | E11: Brasil | F11: Estats Units | G11: Alemanya | H11: Països Baixos | I11: Bèlgica | J11: Espanya | K11: França | L11: Argentina | M11: Portugal | N11: Anglaterra | O11: República Txeca | P11: Canadà | Q11: Marroc | R11: Turquia | S11: Costa d'Ivori | T11: Japó | U11: Egipte | V11: Uruguai | W11: Noruega | X11: Àustria | Y11: Colòmbia | Z11: Croàcia | AA11: Corea del Sud | AB11: Bòsnia i Hercegovina | AC11: Escòcia | AD11: Paraguai | AE11: Equador | AF11: Suècia | AG11: Iran | AH11: Cap Verd | AI11: Senegal | AJ11: Algèria | AK11: RD Congo | AL11: Ghana | AM11: Alemanya | AN11: França | AO11: Mèxic | AP11: Marroc | AQ11: Croàcia | AR11: Espanya | AS11: Suècia | AT11: Bèlgica | AU11: Brasil | AV11: Noruega | AW11: Estats Units | AX11: Anglaterra | AY11: Argentina | AZ11: Turquia | BA11: Suïssa | BB11: Portugal | BC11: França | BD11: Marroc | BE11: Espanya | BF11: Bèlgica | BG11: Brasil | BH11: Anglaterra | BI11: Argentina | BJ11: Portugal | BK11: França | BL11: Espanya | BM11: Brasil | BN11: Argentina | BO11: França | BP11: Espanya | BQ11: Espanya | BR11: 2026-04-03 | BS11: Lamine Yamal | BT11: Ferran Torres | BU11: =IF(C11='Resultats Reals'!$C$2,2,IF(OR(C11='Resultats Reals'!$C$3,COUNTIF('Resultats Reals'!$E$2:$E$33,C11)>0),1,0))+IF(D11='Resultats Reals'!$C$5,2,IF(OR(D11='Resultats Reals'!$C$6,COUNTIF('Resultats Reals'!$E$2:$E$33,D11)>0),1,0))+IF(E11='Resultats Reals'!$C$8,2,IF(OR(E11='Resultats Reals'!$C$9,COUNTIF('Resultats Reals'!$E$2:$E$33,E11)>0),1,0))+IF(F11='Resultats Reals'!$C$11,2,IF(OR(F11='Resultats Reals'!$C$12,COUNTIF('Resultats Reals'!$E$2:$E$33,F11)>0),1,0))+IF(G11='Resultats Reals'!$C$14,2,IF(OR(G11='Resultats Reals'!$C$15,COUNTIF('Resultats Reals'!$E$2:$E$33,G11)>0),1,0))+IF(H11='Resultats Reals'!$C$17,2,IF(OR(H11='Resultats Reals'!$C$18,COUNTIF('Resultats Reals'!$E$2:$E$33,H11)>0),1,0))+IF(I11='Resultats Reals'!$C$20,2,IF(OR(I11='Resultats Reals'!$C$21,COUNTIF('Resultats Reals'!$E$2:$E$33,I11)>0),1,0))+IF(J11='Resultats Reals'!$C$23,2,IF(OR(J11='Resultats Reals'!$C$24,COUNTIF('Resultats Reals'!$E$2:$E$33,J11)>0),1,0))+IF(K11='Resultats Reals'!$C$26,2,IF(OR(K11='Resultats Reals'!$C$27,COUNTIF('Resultats Reals'!$E$2:$E$33,K11)>0),1,0))+IF(L11='Resultats Reals'!$C$29,2,IF(OR(L11='Resultats Reals'!$C$30,COUNTIF('Resultats Reals'!$E$2:$E$33,L11)>0),1,0))+IF(M11='Resultats Reals'!$C$32,2,IF(OR(M11='Resultats Reals'!$C$33,COUNTIF('Resultats Reals'!$E$2:$E$33,M11)>0),1,0))+IF(N11='Resultats Reals'!$C$35,2,IF(OR(N11='Resultats Reals'!$C$36,COUNTIF('Resultats Reals'!$E$2:$E$33,N11)>0),1,0)) -> 23 | BV11: =IF(O11='Resultats Reals'!$C$3,2,IF(OR(O11='Resultats Reals'!$C$2,COUNTIF('Resultats Reals'!$E$2:$E$33,O11)>0),1,0))+IF(P11='Resultats Reals'!$C$6,2,IF(OR(P11='Resultats Reals'!$C$5,COUNTIF('Resultats Reals'!$E$2:$E$33,P11)>0),1,0))+IF(Q11='Resultats Reals'!$C$9,2,IF(OR(Q11='Resultats Reals'!$C$8,COUNTIF('Resultats Reals'!$E$2:$E$33,Q11)>0),1,0))+IF(R11='Resultats Reals'!$C$12,2,IF(OR(R11='Resultats Reals'!$C$11,COUNTIF('Resultats Reals'!$E$2:$E$33,R11)>0),1,0))+IF(S11='Resultats Reals'!$C$15,2,IF(OR(S11='Resultats Reals'!$C$14,COUNTIF('Resultats Reals'!$E$2:$E$33,S11)>0),1,0))+IF(T11='Resultats Reals'!$C$18,2,IF(OR(T11='Resultats Reals'!$C$17,COUNTIF('Resultats Reals'!$E$2:$E$33,T11)>0),1,0))+IF(U11='Resultats Reals'!$C$21,2,IF(OR(U11='Resultats Reals'!$C$20,COUNTIF('Resultats Reals'!$E$2:$E$33,U11)>0),1,0))+IF(V11='Resultats Reals'!$C$24,2,IF(OR(V11='Resultats Reals'!$C$23,COUNTIF('Resultats Reals'!$E$2:$E$33,V11)>0),1,0))+IF(W11='Resultats Reals'!$C$27,2,IF(OR(W11='Resultats Reals'!$C$26,COUNTIF('Resultats Reals'!$E$2:$E$33,W11)>0),1,0))+IF(X11='Resultats Reals'!$C$30,2,IF(OR(X11='Resultats Reals'!$C$29,COUNTIF('Resultats Reals'!$E$2:$E$33,X11)>0),1,0))+IF(Y11='Resultats Reals'!$C$33,2,IF(OR(Y11='Resultats Reals'!$C$32,COUNTIF('Resultats Reals'!$E$2:$E$33,Y11)>0),1,0))+IF(Z11='Resultats Reals'!$C$36,2,IF(OR(Z11='Resultats Reals'!$C$35,COUNTIF('Resultats Reals'!$E$2:$E$33,Z11)>0),1,0)) -> 17 | BW11: =IF(AA11='Resultats Reals'!$C$4,IF(COUNTIF('Resultats Reals'!$E$2:$E$33,AA11)>0,2,0.5),IF(OR(AA11='Resultats Reals'!$C$2,AA11='Resultats Reals'!$C$3,COUNTIF('Resultats Reals'!$E$2:$E$33,AA11)>0),1,0))+IF(AB11='Resultats Reals'!$C$7,IF(COUNTIF('Resultats Reals'!$E$2:$E$33,AB11)>0,2,0.5),IF(OR(AB11='Resultats Reals'!$C$5,AB11='Resultats Reals'!$C$6,COUNTIF('Resultats Reals'!$E$2:$E$33,AB11)>0),1,0))+IF(AC11='Resultats Reals'!$C$10,IF(COUNTIF('Resultats Reals'!$E$2:$E$33,AC11)>0,2,0.5),IF(OR(AC11='Resultats Reals'!$C$8,AC11='Resultats Reals'!$C$9,COUNTIF('Resultats Reals'!$E$2:$E$33,AC11)>0),1,0))+IF(AD11='Resultats Reals'!$C$13,IF(COUNTIF('Resultats Reals'!$E$2:$E$33,AD11)>0,2,0.5),IF(OR(AD11='Resultats Reals'!$C$11,AD11='Resultats Reals'!$C$12,COUNTIF('Resultats Reals'!$E$2:$E$33,AD11)>0),1,0))+IF(AE11='Resultats Reals'!$C$16,IF(COUNTIF('Resultats Reals'!$E$2:$E$33,AE11)>0,2,0.5),IF(OR(AE11='Resultats Reals'!$C$14,AE11='Resultats Reals'!$C$15,COUNTIF('Resultats Reals'!$E$2:$E$33,AE11)>0),1,0))+IF(AF11='Resultats Reals'!$C$19,IF(COUNTIF('Resultats Reals'!$E$2:$E$33,AF11)>0,2,0.5),IF(OR(AF11='Resultats Reals'!$C$17,AF11='Resultats Reals'!$C$18,COUNTIF('Resultats Reals'!$E$2:$E$33,AF11)>0),1,0))+IF(AG11='Resultats Reals'!$C$22,IF(COUNTIF('Resultats Reals'!$E$2:$E$33,AG11)>0,2,0.5),IF(OR(AG11='Resultats Reals'!$C$20,AG11='Resultats Reals'!$C$21,COUNTIF('Resultats Reals'!$E$2:$E$33,AG11)>0),1,0))+IF(AH11='Resultats Reals'!$C$25,IF(COUNTIF('Resultats Reals'!$E$2:$E$33,AH11)>0,2,0.5),IF(OR(AH11='Resultats Reals'!$C$23,AH11='Resultats Reals'!$C$24,COUNTIF('Resultats Reals'!$E$2:$E$33,AH11)>0),1,0))+IF(AI11='Resultats Reals'!$C$28,IF(COUNTIF('Resultats Reals'!$E$2:$E$33,AI11)>0,2,0.5),IF(OR(AI11='Resultats Reals'!$C$26,AI11='Resultats Reals'!$C$27,COUNTIF('Resultats Reals'!$E$2:$E$33,AI11)>0),1,0))+IF(AJ11='Resultats Reals'!$C$31,IF(COUNTIF('Resultats Reals'!$E$2:$E$33,AJ11)>0,2,0.5),IF(OR(AJ11='Resultats Reals'!$C$29,AJ11='Resultats Reals'!$C$30,COUNTIF('Resultats Reals'!$E$2:$E$33,AJ11)>0),1,0))+IF(AK11='Resultats Reals'!$C$34,IF(COUNTIF('Resultats Reals'!$E$2:$E$33,AK11)>0,2,0.5),IF(OR(AK11='Resultats Reals'!$C$32,AK11='Resultats Reals'!$C$33,COUNTIF('Resultats Reals'!$E$2:$E$33,AK11)>0),1,0))+IF(AL11='Resultats Reals'!$C$37,IF(COUNTIF('Resultats Reals'!$E$2:$E$33,AL11)>0,2,0.5),IF(OR(AL11='Resultats Reals'!$C$35,AL11='Resultats Reals'!$C$36,COUNTIF('Resultats Reals'!$E$2:$E$33,AL11)>0),1,0)) -> 18.5 | BX11: =IF(COUNTIF('Resultats Reals'!$F$2:$F$17,AM11)>0,1,0)+IF(COUNTIF('Resultats Reals'!$F$2:$F$17,AN11)>0,1,0)+IF(COUNTIF('Resultats Reals'!$F$2:$F$17,AO11)>0,1,0)+IF(COUNTIF('Resultats Reals'!$F$2:$F$17,AP11)>0,1,0)+IF(COUNTIF('Resultats Reals'!$F$2:$F$17,AQ11)>0,1,0)+IF(COUNTIF('Resultats Reals'!$F$2:$F$17,AR11)>0,1,0)+IF(COUNTIF('Resultats Reals'!$F$2:$F$17,AS11)>0,1,0)+IF(COUNTIF('Resultats Reals'!$F$2:$F$17,AT11)>0,1,0)+IF(COUNTIF('Resultats Reals'!$F$2:$F$17,AU11)>0,1,0)+IF(COUNTIF('Resultats Reals'!$F$2:$F$17,AV11)>0,1,0)+IF(COUNTIF('Resultats Reals'!$F$2:$F$17,AW11)>0,1,0)+IF(COUNTIF('Resultats Reals'!$F$2:$F$17,AX11)>0,1,0)+IF(COUNTIF('Resultats Reals'!$F$2:$F$17,AY11)>0,1,0)+IF(COUNTIF('Resultats Reals'!$F$2:$F$17,AZ11)>0,1,0)+IF(COUNTIF('Resultats Reals'!$F$2:$F$17,BA11)>0,1,0)+IF(COUNTIF('Resultats Reals'!$F$2:$F$17,BB11)>0,1,0) -> 12 | BY11: =IF(COUNTIF('Resultats Reals'!$G$2:$G$9,BC11)>0,1,0)+IF(COUNTIF('Resultats Reals'!$G$2:$G$9,BD11)>0,1,0)+IF(COUNTIF('Resultats Reals'!$G$2:$G$9,BE11)>0,1,0)+IF(COUNTIF('Resultats Reals'!$G$2:$G$9,BF11)>0,1,0)+IF(COUNTIF('Resultats Reals'!$G$2:$G$9,BG11)>0,1,0)+IF(COUNTIF('Resultats Reals'!$G$2:$G$9,BH11)>0,1,0)+IF(COUNTIF('Resultats Reals'!$G$2:$G$9,BI11)>0,1,0)+IF(COUNTIF('Resultats Reals'!$G$2:$G$9,BJ11)>0,1,0) -> 6 | BZ11: =IF(COUNTIF('Resultats Reals'!$H$2:$H$5,BK11)>0,1,0)+IF(COUNTIF('Resultats Reals'!$H$2:$H$5,BL11)>0,1,0)+IF(COUNTIF('Resultats Reals'!$H$2:$H$5,BM11)>0,1,0)+IF(COUNTIF('Resultats Reals'!$H$2:$H$5,BN11)>0,1,0) -> 3 | CA11: =IF(COUNTIF('Resultats Reals'!$I$2:$I$3,BO11)>0,3,0)+IF(COUNTIF('Resultats Reals'!$I$2:$I$3,BP11)>0,3,0) -> 0 | CB11: =IF(BQ11='Resultats Reals'!$J$2,5,0) -> 0 | CC11: =IF(BS11='Resultats Reals'!$K$2,5,0) -> 0 | CD11: =IFERROR(VLOOKUP(BT11,'Resultats Reals'!$N$2:$O$100,2,FALSE),0) -> 0 | CE11: =IF(BR11='Resultats Reals'!$L$2,5,0) -> 0 | CF11: =SUM(BU11:CE11) -> 79.5
A12: Michael Morao | B12: Compres | C12: Mèxic | D12: Suïssa | E12: Brasil | F12: Estats Units | G12: Alemanya | H12: Països Baixos | I12: Bèlgica | J12: Espanya | K12: França | L12: Argentina | M12: Portugal | N12: Anglaterra | O12: Corea del Sud | P12: Canadà | Q12: Marroc | R12: Turquia | S12: Equador | T12: Japó | U12: Egipte | V12: Uruguai | W12: Noruega | X12: Àustria | Y12: Colòmbia | Z12: Panamà | AA12: Sud-àfrica | AB12: Qatar | AC12: Escòcia | AD12: Paraguai | AE12: Costa d'Ivori | AF12: Suècia | AG12: Nova Zelanda | AH12: Aràbia Saudita | AI12: Senegal | AJ12: Algèria | AK12: RD Congo | AL12: Croàcia | AM12: Mèxic | AN12: Brasil | AO12: Turquia | AP12: Alemanya | AQ12: Països Baixos | AR12: Espanya | AS12: Uruguai | AT12: França | AU12: Noruega | AV12: Argentina | AW12: Portugal | AX12: Colòmbia | AY12: Anglaterra | AZ12: Marroc | BA12: Croàcia | BB12: Estats Units | BC12: Brasil | BD12: Alemanya | BE12: Espanya | BF12: Argentina | BG12: França | BH12: Portugal | BI12: Anglaterra | BJ12: Uruguai | BK12: Argentina | BL12: Portugal | BM12: Espanya | BN12: Anglaterra | BO12: Espanya | BP12: Argentina | BQ12: Argentina | BR12: 2026-02-03 | BS12: Harry Kane | BT12: Kylian Mbappé | BU12: =IF(C12='Resultats Reals'!$C$2,2,IF(OR(C12='Resultats Reals'!$C$3,COUNTIF('Resultats Reals'!$E$2:$E$33,C12)>0),1,0))+IF(D12='Resultats Reals'!$C$5,2,IF(OR(D12='Resultats Reals'!$C$6,COUNTIF('Resultats Reals'!$E$2:$E$33,D12)>0),1,0))+IF(E12='Resultats Reals'!$C$8,2,IF(OR(E12='Resultats Reals'!$C$9,COUNTIF('Resultats Reals'!$E$2:$E$33,E12)>0),1,0))+IF(F12='Resultats Reals'!$C$11,2,IF(OR(F12='Resultats Reals'!$C$12,COUNTIF('Resultats Reals'!$E$2:$E$33,F12)>0),1,0))+IF(G12='Resultats Reals'!$C$14,2,IF(OR(G12='Resultats Reals'!$C$15,COUNTIF('Resultats Reals'!$E$2:$E$33,G12)>0),1,0))+IF(H12='Resultats Reals'!$C$17,2,IF(OR(H12='Resultats Reals'!$C$18,COUNTIF('Resultats Reals'!$E$2:$E$33,H12)>0),1,0))+IF(I12='Resultats Reals'!$C$20,2,IF(OR(I12='Resultats Reals'!$C$21,COUNTIF('Resultats Reals'!$E$2:$E$33,I12)>0),1,0))+IF(J12='Resultats Reals'!$C$23,2,IF(OR(J12='Resultats Reals'!$C$24,COUNTIF('Resultats Reals'!$E$2:$E$33,J12)>0),1,0))+IF(K12='Resultats Reals'!$C$26,2,IF(OR(K12='Resultats Reals'!$C$27,COUNTIF('Resultats Reals'!$E$2:$E$33,K12)>0),1,0))+IF(L12='Resultats Reals'!$C$29,2,IF(OR(L12='Resultats Reals'!$C$30,COUNTIF('Resultats Reals'!$E$2:$E$33,L12)>0),1,0))+IF(M12='Resultats Reals'!$C$32,2,IF(OR(M12='Resultats Reals'!$C$33,COUNTIF('Resultats Reals'!$E$2:$E$33,M12)>0),1,0))+IF(N12='Resultats Reals'!$C$35,2,IF(OR(N12='Resultats Reals'!$C$36,COUNTIF('Resultats Reals'!$E$2:$E$33,N12)>0),1,0)) -> 23 | BV12: =IF(O12='Resultats Reals'!$C$3,2,IF(OR(O12='Resultats Reals'!$C$2,COUNTIF('Resultats Reals'!$E$2:$E$33,O12)>0),1,0))+IF(P12='Resultats Reals'!$C$6,2,IF(OR(P12='Resultats Reals'!$C$5,COUNTIF('Resultats Reals'!$E$2:$E$33,P12)>0),1,0))+IF(Q12='Resultats Reals'!$C$9,2,IF(OR(Q12='Resultats Reals'!$C$8,COUNTIF('Resultats Reals'!$E$2:$E$33,Q12)>0),1,0))+IF(R12='Resultats Reals'!$C$12,2,IF(OR(R12='Resultats Reals'!$C$11,COUNTIF('Resultats Reals'!$E$2:$E$33,R12)>0),1,0))+IF(S12='Resultats Reals'!$C$15,2,IF(OR(S12='Resultats Reals'!$C$14,COUNTIF('Resultats Reals'!$E$2:$E$33,S12)>0),1,0))+IF(T12='Resultats Reals'!$C$18,2,IF(OR(T12='Resultats Reals'!$C$17,COUNTIF('Resultats Reals'!$E$2:$E$33,T12)>0),1,0))+IF(U12='Resultats Reals'!$C$21,2,IF(OR(U12='Resultats Reals'!$C$20,COUNTIF('Resultats Reals'!$E$2:$E$33,U12)>0),1,0))+IF(V12='Resultats Reals'!$C$24,2,IF(OR(V12='Resultats Reals'!$C$23,COUNTIF('Resultats Reals'!$E$2:$E$33,V12)>0),1,0))+IF(W12='Resultats Reals'!$C$27,2,IF(OR(W12='Resultats Reals'!$C$26,COUNTIF('Resultats Reals'!$E$2:$E$33,W12)>0),1,0))+IF(X12='Resultats Reals'!$C$30,2,IF(OR(X12='Resultats Reals'!$C$29,COUNTIF('Resultats Reals'!$E$2:$E$33,X12)>0),1,0))+IF(Y12='Resultats Reals'!$C$33,2,IF(OR(Y12='Resultats Reals'!$C$32,COUNTIF('Resultats Reals'!$E$2:$E$33,Y12)>0),1,0))+IF(Z12='Resultats Reals'!$C$36,2,IF(OR(Z12='Resultats Reals'!$C$35,COUNTIF('Resultats Reals'!$E$2:$E$33,Z12)>0),1,0)) -> 14 | BW12: =IF(AA12='Resultats Reals'!$C$4,IF(COUNTIF('Resultats Reals'!$E$2:$E$33,AA12)>0,2,0.5),IF(OR(AA12='Resultats Reals'!$C$2,AA12='Resultats Reals'!$C$3,COUNTIF('Resultats Reals'!$E$2:$E$33,AA12)>0),1,0))+IF(AB12='Resultats Reals'!$C$7,IF(COUNTIF('Resultats Reals'!$E$2:$E$33,AB12)>0,2,0.5),IF(OR(AB12='Resultats Reals'!$C$5,AB12='Resultats Reals'!$C$6,COUNTIF('Resultats Reals'!$E$2:$E$33,AB12)>0),1,0))+IF(AC12='Resultats Reals'!$C$10,IF(COUNTIF('Resultats Reals'!$E$2:$E$33,AC12)>0,2,0.5),IF(OR(AC12='Resultats Reals'!$C$8,AC12='Resultats Reals'!$C$9,COUNTIF('Resultats Reals'!$E$2:$E$33,AC12)>0),1,0))+IF(AD12='Resultats Reals'!$C$13,IF(COUNTIF('Resultats Reals'!$E$2:$E$33,AD12)>0,2,0.5),IF(OR(AD12='Resultats Reals'!$C$11,AD12='Resultats Reals'!$C$12,COUNTIF('Resultats Reals'!$E$2:$E$33,AD12)>0),1,0))+IF(AE12='Resultats Reals'!$C$16,IF(COUNTIF('Resultats Reals'!$E$2:$E$33,AE12)>0,2,0.5),IF(OR(AE12='Resultats Reals'!$C$14,AE12='Resultats Reals'!$C$15,COUNTIF('Resultats Reals'!$E$2:$E$33,AE12)>0),1,0))+IF(AF12='Resultats Reals'!$C$19,IF(COUNTIF('Resultats Reals'!$E$2:$E$33,AF12)>0,2,0.5),IF(OR(AF12='Resultats Reals'!$C$17,AF12='Resultats Reals'!$C$18,COUNTIF('Resultats Reals'!$E$2:$E$33,AF12)>0),1,0))+IF(AG12='Resultats Reals'!$C$22,IF(COUNTIF('Resultats Reals'!$E$2:$E$33,AG12)>0,2,0.5),IF(OR(AG12='Resultats Reals'!$C$20,AG12='Resultats Reals'!$C$21,COUNTIF('Resultats Reals'!$E$2:$E$33,AG12)>0),1,0))+IF(AH12='Resultats Reals'!$C$25,IF(COUNTIF('Resultats Reals'!$E$2:$E$33,AH12)>0,2,0.5),IF(OR(AH12='Resultats Reals'!$C$23,AH12='Resultats Reals'!$C$24,COUNTIF('Resultats Reals'!$E$2:$E$33,AH12)>0),1,0))+IF(AI12='Resultats Reals'!$C$28,IF(COUNTIF('Resultats Reals'!$E$2:$E$33,AI12)>0,2,0.5),IF(OR(AI12='Resultats Reals'!$C$26,AI12='Resultats Reals'!$C$27,COUNTIF('Resultats Reals'!$E$2:$E$33,AI12)>0),1,0))+IF(AJ12='Resultats Reals'!$C$31,IF(COUNTIF('Resultats Reals'!$E$2:$E$33,AJ12)>0,2,0.5),IF(OR(AJ12='Resultats Reals'!$C$29,AJ12='Resultats Reals'!$C$30,COUNTIF('Resultats Reals'!$E$2:$E$33,AJ12)>0),1,0))+IF(AK12='Resultats Reals'!$C$34,IF(COUNTIF('Resultats Reals'!$E$2:$E$33,AK12)>0,2,0.5),IF(OR(AK12='Resultats Reals'!$C$32,AK12='Resultats Reals'!$C$33,COUNTIF('Resultats Reals'!$E$2:$E$33,AK12)>0),1,0))+IF(AL12='Resultats Reals'!$C$37,IF(COUNTIF('Resultats Reals'!$E$2:$E$33,AL12)>0,2,0.5),IF(OR(AL12='Resultats Reals'!$C$35,AL12='Resultats Reals'!$C$36,COUNTIF('Resultats Reals'!$E$2:$E$33,AL12)>0),1,0)) -> 13.5 | BX12: =IF(COUNTIF('Resultats Reals'!$F$2:$F$17,AM12)>0,1,0)+IF(COUNTIF('Resultats Reals'!$F$2:$F$17,AN12)>0,1,0)+IF(COUNTIF('Resultats Reals'!$F$2:$F$17,AO12)>0,1,0)+IF(COUNTIF('Resultats Reals'!$F$2:$F$17,AP12)>0,1,0)+IF(COUNTIF('Resultats Reals'!$F$2:$F$17,AQ12)>0,1,0)+IF(COUNTIF('Resultats Reals'!$F$2:$F$17,AR12)>0,1,0)+IF(COUNTIF('Resultats Reals'!$F$2:$F$17,AS12)>0,1,0)+IF(COUNTIF('Resultats Reals'!$F$2:$F$17,AT12)>0,1,0)+IF(COUNTIF('Resultats Reals'!$F$2:$F$17,AU12)>0,1,0)+IF(COUNTIF('Resultats Reals'!$F$2:$F$17,AV12)>0,1,0)+IF(COUNTIF('Resultats Reals'!$F$2:$F$17,AW12)>0,1,0)+IF(COUNTIF('Resultats Reals'!$F$2:$F$17,AX12)>0,1,0)+IF(COUNTIF('Resultats Reals'!$F$2:$F$17,AY12)>0,1,0)+IF(COUNTIF('Resultats Reals'!$F$2:$F$17,AZ12)>0,1,0)+IF(COUNTIF('Resultats Reals'!$F$2:$F$17,BA12)>0,1,0)+IF(COUNTIF('Resultats Reals'!$F$2:$F$17,BB12)>0,1,0) -> 11 | BY12: =IF(COUNTIF('Resultats Reals'!$G$2:$G$9,BC12)>0,1,0)+IF(COUNTIF('Resultats Reals'!$G$2:$G$9,BD12)>0,1,0)+IF(COUNTIF('Resultats Reals'!$G$2:$G$9,BE12)>0,1,0)+IF(COUNTIF('Resultats Reals'!$G$2:$G$9,BF12)>0,1,0)+IF(COUNTIF('Resultats Reals'!$G$2:$G$9,BG12)>0,1,0)+IF(COUNTIF('Resultats Reals'!$G$2:$G$9,BH12)>0,1,0)+IF(COUNTIF('Resultats Reals'!$G$2:$G$9,BI12)>0,1,0)+IF(COUNTIF('Resultats Reals'!$G$2:$G$9,BJ12)>0,1,0) -> 4 | BZ12: =IF(COUNTIF('Resultats Reals'!$H$2:$H$5,BK12)>0,1,0)+IF(COUNTIF('Resultats Reals'!$H$2:$H$5,BL12)>0,1,0)+IF(COUNTIF('Resultats Reals'!$H$2:$H$5,BM12)>0,1,0)+IF(COUNTIF('Resultats Reals'!$H$2:$H$5,BN12)>0,1,0) -> 3 | CA12: =IF(COUNTIF('Resultats Reals'!$I$2:$I$3,BO12)>0,3,0)+IF(COUNTIF('Resultats Reals'!$I$2:$I$3,BP12)>0,3,0) -> 0 | CB12: =IF(BQ12='Resultats Reals'!$J$2,5,0) -> 0 | CC12: =IF(BS12='Resultats Reals'!$K$2,5,0) -> 0 | CD12: =IFERROR(VLOOKUP(BT12,'Resultats Reals'!$N$2:$O$100,2,FALSE),0) -> 8 | CE12: =IF(BR12='Resultats Reals'!$L$2,5,0) -> 0 | CF12: =SUM(BU12:CE12) -> 76.5
A13: Agustin Mo | B13: Obres | C13: Mèxic | D13: Suïssa | E13: Brasil | F13: Turquia | G13: Alemanya | H13: Països Baixos | I13: Bèlgica | J13: Espanya | K13: França | L13: Argentina | M13: Colòmbia | N13: Anglaterra | O13: Corea del Sud | P13: Bòsnia i Hercegovina | Q13: Marroc | R13: Estats Units | S13: Equador | T13: Japó | U13: Iran | V13: Uruguai | W13: Noruega | X13: Àustria | Y13: Portugal | Z13: Croàcia | AA13: República Txeca | AB13: Canadà | AC13: Escòcia | AD13: Paraguai | AE13: Costa d'Ivori | AF13: Suècia | AG13: Egipte | AH13: Aràbia Saudita | AI13: Senegal | AJ13: Algèria | AK13: Uzbekistan | AL13: Panamà | AM13: Mèxic | AN13: Suïssa | AO13: Brasil | AP13: Turquia | AQ13: Alemanya | AR13: Països Baixos | AS13: Bèlgica | AT13: Espanya | AU13: França | AV13: Argentina | AW13: Colòmbia | AX13: Anglaterra | AY13: Portugal | AZ13: Croàcia | BA13: Marroc | BB13: Estats Units | BC13: Suïssa | BD13: Brasil | BE13: Països Baixos | BF13: Espanya | BG13: Argentina | BH13: Anglaterra | BI13: Portugal | BJ13: Marroc | BK13: Brasil | BL13: Espanya | BM13: Argentina | BN13: Marroc | BO13: Espanya | BP13: Argentina | BQ13: Argentina | BS13: Lionel Messi | BT13: Julián Álvarez | BU13: =IF(C13='Resultats Reals'!$C$2,2,IF(OR(C13='Resultats Reals'!$C$3,COUNTIF('Resultats Reals'!$E$2:$E$33,C13)>0),1,0))+IF(D13='Resultats Reals'!$C$5,2,IF(OR(D13='Resultats Reals'!$C$6,COUNTIF('Resultats Reals'!$E$2:$E$33,D13)>0),1,0))+IF(E13='Resultats Reals'!$C$8,2,IF(OR(E13='Resultats Reals'!$C$9,COUNTIF('Resultats Reals'!$E$2:$E$33,E13)>0),1,0))+IF(F13='Resultats Reals'!$C$11,2,IF(OR(F13='Resultats Reals'!$C$12,COUNTIF('Resultats Reals'!$E$2:$E$33,F13)>0),1,0))+IF(G13='Resultats Reals'!$C$14,2,IF(OR(G13='Resultats Reals'!$C$15,COUNTIF('Resultats Reals'!$E$2:$E$33,G13)>0),1,0))+IF(H13='Resultats Reals'!$C$17,2,IF(OR(H13='Resultats Reals'!$C$18,COUNTIF('Resultats Reals'!$E$2:$E$33,H13)>0),1,0))+IF(I13='Resultats Reals'!$C$20,2,IF(OR(I13='Resultats Reals'!$C$21,COUNTIF('Resultats Reals'!$E$2:$E$33,I13)>0),1,0))+IF(J13='Resultats Reals'!$C$23,2,IF(OR(J13='Resultats Reals'!$C$24,COUNTIF('Resultats Reals'!$E$2:$E$33,J13)>0),1,0))+IF(K13='Resultats Reals'!$C$26,2,IF(OR(K13='Resultats Reals'!$C$27,COUNTIF('Resultats Reals'!$E$2:$E$33,K13)>0),1,0))+IF(L13='Resultats Reals'!$C$29,2,IF(OR(L13='Resultats Reals'!$C$30,COUNTIF('Resultats Reals'!$E$2:$E$33,L13)>0),1,0))+IF(M13='Resultats Reals'!$C$32,2,IF(OR(M13='Resultats Reals'!$C$33,COUNTIF('Resultats Reals'!$E$2:$E$33,M13)>0),1,0))+IF(N13='Resultats Reals'!$C$35,2,IF(OR(N13='Resultats Reals'!$C$36,COUNTIF('Resultats Reals'!$E$2:$E$33,N13)>0),1,0)) -> 22 | BV13: =IF(O13='Resultats Reals'!$C$3,2,IF(OR(O13='Resultats Reals'!$C$2,COUNTIF('Resultats Reals'!$E$2:$E$33,O13)>0),1,0))+IF(P13='Resultats Reals'!$C$6,2,IF(OR(P13='Resultats Reals'!$C$5,COUNTIF('Resultats Reals'!$E$2:$E$33,P13)>0),1,0))+IF(Q13='Resultats Reals'!$C$9,2,IF(OR(Q13='Resultats Reals'!$C$8,COUNTIF('Resultats Reals'!$E$2:$E$33,Q13)>0),1,0))+IF(R13='Resultats Reals'!$C$12,2,IF(OR(R13='Resultats Reals'!$C$11,COUNTIF('Resultats Reals'!$E$2:$E$33,R13)>0),1,0))+IF(S13='Resultats Reals'!$C$15,2,IF(OR(S13='Resultats Reals'!$C$14,COUNTIF('Resultats Reals'!$E$2:$E$33,S13)>0),1,0))+IF(T13='Resultats Reals'!$C$18,2,IF(OR(T13='Resultats Reals'!$C$17,COUNTIF('Resultats Reals'!$E$2:$E$33,T13)>0),1,0))+IF(U13='Resultats Reals'!$C$21,2,IF(OR(U13='Resultats Reals'!$C$20,COUNTIF('Resultats Reals'!$E$2:$E$33,U13)>0),1,0))+IF(V13='Resultats Reals'!$C$24,2,IF(OR(V13='Resultats Reals'!$C$23,COUNTIF('Resultats Reals'!$E$2:$E$33,V13)>0),1,0))+IF(W13='Resultats Reals'!$C$27,2,IF(OR(W13='Resultats Reals'!$C$26,COUNTIF('Resultats Reals'!$E$2:$E$33,W13)>0),1,0))+IF(X13='Resultats Reals'!$C$30,2,IF(OR(X13='Resultats Reals'!$C$29,COUNTIF('Resultats Reals'!$E$2:$E$33,X13)>0),1,0))+IF(Y13='Resultats Reals'!$C$33,2,IF(OR(Y13='Resultats Reals'!$C$32,COUNTIF('Resultats Reals'!$E$2:$E$33,Y13)>0),1,0))+IF(Z13='Resultats Reals'!$C$36,2,IF(OR(Z13='Resultats Reals'!$C$35,COUNTIF('Resultats Reals'!$E$2:$E$33,Z13)>0),1,0)) -> 15 | BW13: =IF(AA13='Resultats Reals'!$C$4,IF(COUNTIF('Resultats Reals'!$E$2:$E$33,AA13)>0,2,0.5),IF(OR(AA13='Resultats Reals'!$C$2,AA13='Resultats Reals'!$C$3,COUNTIF('Resultats Reals'!$E$2:$E$33,AA13)>0),1,0))+IF(AB13='Resultats Reals'!$C$7,IF(COUNTIF('Resultats Reals'!$E$2:$E$33,AB13)>0,2,0.5),IF(OR(AB13='Resultats Reals'!$C$5,AB13='Resultats Reals'!$C$6,COUNTIF('Resultats Reals'!$E$2:$E$33,AB13)>0),1,0))+IF(AC13='Resultats Reals'!$C$10,IF(COUNTIF('Resultats Reals'!$E$2:$E$33,AC13)>0,2,0.5),IF(OR(AC13='Resultats Reals'!$C$8,AC13='Resultats Reals'!$C$9,COUNTIF('Resultats Reals'!$E$2:$E$33,AC13)>0),1,0))+IF(AD13='Resultats Reals'!$C$13,IF(COUNTIF('Resultats Reals'!$E$2:$E$33,AD13)>0,2,0.5),IF(OR(AD13='Resultats Reals'!$C$11,AD13='Resultats Reals'!$C$12,COUNTIF('Resultats Reals'!$E$2:$E$33,AD13)>0),1,0))+IF(AE13='Resultats Reals'!$C$16,IF(COUNTIF('Resultats Reals'!$E$2:$E$33,AE13)>0,2,0.5),IF(OR(AE13='Resultats Reals'!$C$14,AE13='Resultats Reals'!$C$15,COUNTIF('Resultats Reals'!$E$2:$E$33,AE13)>0),1,0))+IF(AF13='Resultats Reals'!$C$19,IF(COUNTIF('Resultats Reals'!$E$2:$E$33,AF13)>0,2,0.5),IF(OR(AF13='Resultats Reals'!$C$17,AF13='Resultats Reals'!$C$18,COUNTIF('Resultats Reals'!$E$2:$E$33,AF13)>0),1,0))+IF(AG13='Resultats Reals'!$C$22,IF(COUNTIF('Resultats Reals'!$E$2:$E$33,AG13)>0,2,0.5),IF(OR(AG13='Resultats Reals'!$C$20,AG13='Resultats Reals'!$C$21,COUNTIF('Resultats Reals'!$E$2:$E$33,AG13)>0),1,0))+IF(AH13='Resultats Reals'!$C$25,IF(COUNTIF('Resultats Reals'!$E$2:$E$33,AH13)>0,2,0.5),IF(OR(AH13='Resultats Reals'!$C$23,AH13='Resultats Reals'!$C$24,COUNTIF('Resultats Reals'!$E$2:$E$33,AH13)>0),1,0))+IF(AI13='Resultats Reals'!$C$28,IF(COUNTIF('Resultats Reals'!$E$2:$E$33,AI13)>0,2,0.5),IF(OR(AI13='Resultats Reals'!$C$26,AI13='Resultats Reals'!$C$27,COUNTIF('Resultats Reals'!$E$2:$E$33,AI13)>0),1,0))+IF(AJ13='Resultats Reals'!$C$31,IF(COUNTIF('Resultats Reals'!$E$2:$E$33,AJ13)>0,2,0.5),IF(OR(AJ13='Resultats Reals'!$C$29,AJ13='Resultats Reals'!$C$30,COUNTIF('Resultats Reals'!$E$2:$E$33,AJ13)>0),1,0))+IF(AK13='Resultats Reals'!$C$34,IF(COUNTIF('Resultats Reals'!$E$2:$E$33,AK13)>0,2,0.5),IF(OR(AK13='Resultats Reals'!$C$32,AK13='Resultats Reals'!$C$33,COUNTIF('Resultats Reals'!$E$2:$E$33,AK13)>0),1,0))+IF(AL13='Resultats Reals'!$C$37,IF(COUNTIF('Resultats Reals'!$E$2:$E$33,AL13)>0,2,0.5),IF(OR(AL13='Resultats Reals'!$C$35,AL13='Resultats Reals'!$C$36,COUNTIF('Resultats Reals'!$E$2:$E$33,AL13)>0),1,0)) -> 11.5 | BX13: =IF(COUNTIF('Resultats Reals'!$F$2:$F$17,AM13)>0,1,0)+IF(COUNTIF('Resultats Reals'!$F$2:$F$17,AN13)>0,1,0)+IF(COUNTIF('Resultats Reals'!$F$2:$F$17,AO13)>0,1,0)+IF(COUNTIF('Resultats Reals'!$F$2:$F$17,AP13)>0,1,0)+IF(COUNTIF('Resultats Reals'!$F$2:$F$17,AQ13)>0,1,0)+IF(COUNTIF('Resultats Reals'!$F$2:$F$17,AR13)>0,1,0)+IF(COUNTIF('Resultats Reals'!$F$2:$F$17,AS13)>0,1,0)+IF(COUNTIF('Resultats Reals'!$F$2:$F$17,AT13)>0,1,0)+IF(COUNTIF('Resultats Reals'!$F$2:$F$17,AU13)>0,1,0)+IF(COUNTIF('Resultats Reals'!$F$2:$F$17,AV13)>0,1,0)+IF(COUNTIF('Resultats Reals'!$F$2:$F$17,AW13)>0,1,0)+IF(COUNTIF('Resultats Reals'!$F$2:$F$17,AX13)>0,1,0)+IF(COUNTIF('Resultats Reals'!$F$2:$F$17,AY13)>0,1,0)+IF(COUNTIF('Resultats Reals'!$F$2:$F$17,AZ13)>0,1,0)+IF(COUNTIF('Resultats Reals'!$F$2:$F$17,BA13)>0,1,0)+IF(COUNTIF('Resultats Reals'!$F$2:$F$17,BB13)>0,1,0) -> 12 | BY13: =IF(COUNTIF('Resultats Reals'!$G$2:$G$9,BC13)>0,1,0)+IF(COUNTIF('Resultats Reals'!$G$2:$G$9,BD13)>0,1,0)+IF(COUNTIF('Resultats Reals'!$G$2:$G$9,BE13)>0,1,0)+IF(COUNTIF('Resultats Reals'!$G$2:$G$9,BF13)>0,1,0)+IF(COUNTIF('Resultats Reals'!$G$2:$G$9,BG13)>0,1,0)+IF(COUNTIF('Resultats Reals'!$G$2:$G$9,BH13)>0,1,0)+IF(COUNTIF('Resultats Reals'!$G$2:$G$9,BI13)>0,1,0)+IF(COUNTIF('Resultats Reals'!$G$2:$G$9,BJ13)>0,1,0) -> 5 | BZ13: =IF(COUNTIF('Resultats Reals'!$H$2:$H$5,BK13)>0,1,0)+IF(COUNTIF('Resultats Reals'!$H$2:$H$5,BL13)>0,1,0)+IF(COUNTIF('Resultats Reals'!$H$2:$H$5,BM13)>0,1,0)+IF(COUNTIF('Resultats Reals'!$H$2:$H$5,BN13)>0,1,0) -> 2 | CA13: =IF(COUNTIF('Resultats Reals'!$I$2:$I$3,BO13)>0,3,0)+IF(COUNTIF('Resultats Reals'!$I$2:$I$3,BP13)>0,3,0) -> 0 | CB13: =IF(BQ13='Resultats Reals'!$J$2,5,0) -> 0 | CC13: =IF(BS13='Resultats Reals'!$K$2,5,0) -> 0 | CD13: =IFERROR(VLOOKUP(BT13,'Resultats Reals'!$N$2:$O$100,2,FALSE),0) -> 1 | CE13: =IF(BR13='Resultats Reals'!$L$2,5,0) -> 0 | CF13: =SUM(BU13:CE13) -> 68.5
A14: Elena Marcos | B14: Manteniment | C14: Mèxic | D14: Suïssa | E14: Brasil | F14: Turquia | G14: Alemanya | H14: Països Baixos | I14: Bèlgica | J14: Espanya | K14: França | L14: Argentina | M14: Portugal | N14: Anglaterra | O14: República Txeca | P14: Bòsnia i Hercegovina | Q14: Marroc | R14: Paraguai | S14: Equador | T14: Japó | U14: Egipte | V14: Uruguai | W14: Noruega | X14: Àustria | Y14: Colòmbia | Z14: Croàcia | AA14: Corea del Sud | AB14: Canadà | AC14: Escòcia | AD14: Estats Units | AE14: Costa d'Ivori | AF14: Suècia | AG14: Iran | AH14: Aràbia Saudita | AI14: Senegal | AJ14: Algèria | AK14: RD Congo | AL14: Ghana | AM14: Equador | AN14: França | AO14: República Txeca | AP14: Països Baixos | AQ14: Colòmbia | AR14: Espanya | AS14: Turquia | AT14: Bèlgica | AU14: Brasil | AV14: Alemanya | AW14: Mèxic | AX14: Anglaterra | AY14: Argentina | AZ14: Paraguai | BA14: Suïssa | BB14: Portugal | BC14: França | BD14: Països Baixos | BE14: Espanya | BF14: Bèlgica | BG14: Brasil | BH14: Anglaterra | BI14: Argentina | BJ14: Portugal | BK14: França | BL14: Espanya | BM14: Anglaterra | BN14: Argentina | BO14: Espanya | BP14: Argentina | BQ14: Espanya | BS14: Lamine Yamal | BT14: Kylian Mbappé | BU14: =IF(C14='Resultats Reals'!$C$2,2,IF(OR(C14='Resultats Reals'!$C$3,COUNTIF('Resultats Reals'!$E$2:$E$33,C14)>0),1,0))+IF(D14='Resultats Reals'!$C$5,2,IF(OR(D14='Resultats Reals'!$C$6,COUNTIF('Resultats Reals'!$E$2:$E$33,D14)>0),1,0))+IF(E14='Resultats Reals'!$C$8,2,IF(OR(E14='Resultats Reals'!$C$9,COUNTIF('Resultats Reals'!$E$2:$E$33,E14)>0),1,0))+IF(F14='Resultats Reals'!$C$11,2,IF(OR(F14='Resultats Reals'!$C$12,COUNTIF('Resultats Reals'!$E$2:$E$33,F14)>0),1,0))+IF(G14='Resultats Reals'!$C$14,2,IF(OR(G14='Resultats Reals'!$C$15,COUNTIF('Resultats Reals'!$E$2:$E$33,G14)>0),1,0))+IF(H14='Resultats Reals'!$C$17,2,IF(OR(H14='Resultats Reals'!$C$18,COUNTIF('Resultats Reals'!$E$2:$E$33,H14)>0),1,0))+IF(I14='Resultats Reals'!$C$20,2,IF(OR(I14='Resultats Reals'!$C$21,COUNTIF('Resultats Reals'!$E$2:$E$33,I14)>0),1,0))+IF(J14='Resultats Reals'!$C$23,2,IF(OR(J14='Resultats Reals'!$C$24,COUNTIF('Resultats Reals'!$E$2:$E$33,J14)>0),1,0))+IF(K14='Resultats Reals'!$C$26,2,IF(OR(K14='Resultats Reals'!$C$27,COUNTIF('Resultats Reals'!$E$2:$E$33,K14)>0),1,0))+IF(L14='Resultats Reals'!$C$29,2,IF(OR(L14='Resultats Reals'!$C$30,COUNTIF('Resultats Reals'!$E$2:$E$33,L14)>0),1,0))+IF(M14='Resultats Reals'!$C$32,2,IF(OR(M14='Resultats Reals'!$C$33,COUNTIF('Resultats Reals'!$E$2:$E$33,M14)>0),1,0))+IF(N14='Resultats Reals'!$C$35,2,IF(OR(N14='Resultats Reals'!$C$36,COUNTIF('Resultats Reals'!$E$2:$E$33,N14)>0),1,0)) -> 21 | BV14: =IF(O14='Resultats Reals'!$C$3,2,IF(OR(O14='Resultats Reals'!$C$2,COUNTIF('Resultats Reals'!$E$2:$E$33,O14)>0),1,0))+IF(P14='Resultats Reals'!$C$6,2,IF(OR(P14='Resultats Reals'!$C$5,COUNTIF('Resultats Reals'!$E$2:$E$33,P14)>0),1,0))+IF(Q14='Resultats Reals'!$C$9,2,IF(OR(Q14='Resultats Reals'!$C$8,COUNTIF('Resultats Reals'!$E$2:$E$33,Q14)>0),1,0))+IF(R14='Resultats Reals'!$C$12,2,IF(OR(R14='Resultats Reals'!$C$11,COUNTIF('Resultats Reals'!$E$2:$E$33,R14)>0),1,0))+IF(S14='Resultats Reals'!$C$15,2,IF(OR(S14='Resultats Reals'!$C$14,COUNTIF('Resultats Reals'!$E$2:$E$33,S14)>0),1,0))+IF(T14='Resultats Reals'!$C$18,2,IF(OR(T14='Resultats Reals'!$C$17,COUNTIF('Resultats Reals'!$E$2:$E$33,T14)>0),1,0))+IF(U14='Resultats Reals'!$C$21,2,IF(OR(U14='Resultats Reals'!$C$20,COUNTIF('Resultats Reals'!$E$2:$E$33,U14)>0),1,0))+IF(V14='Resultats Reals'!$C$24,2,IF(OR(V14='Resultats Reals'!$C$23,COUNTIF('Resultats Reals'!$E$2:$E$33,V14)>0),1,0))+IF(W14='Resultats Reals'!$C$27,2,IF(OR(W14='Resultats Reals'!$C$26,COUNTIF('Resultats Reals'!$E$2:$E$33,W14)>0),1,0))+IF(X14='Resultats Reals'!$C$30,2,IF(OR(X14='Resultats Reals'!$C$29,COUNTIF('Resultats Reals'!$E$2:$E$33,X14)>0),1,0))+IF(Y14='Resultats Reals'!$C$33,2,IF(OR(Y14='Resultats Reals'!$C$32,COUNTIF('Resultats Reals'!$E$2:$E$33,Y14)>0),1,0))+IF(Z14='Resultats Reals'!$C$36,2,IF(OR(Z14='Resultats Reals'!$C$35,COUNTIF('Resultats Reals'!$E$2:$E$33,Z14)>0),1,0)) -> 16 | BW14: =IF(AA14='Resultats Reals'!$C$4,IF(COUNTIF('Resultats Reals'!$E$2:$E$33,AA14)>0,2,0.5),IF(OR(AA14='Resultats Reals'!$C$2,AA14='Resultats Reals'!$C$3,COUNTIF('Resultats Reals'!$E$2:$E$33,AA14)>0),1,0))+IF(AB14='Resultats Reals'!$C$7,IF(COUNTIF('Resultats Reals'!$E$2:$E$33,AB14)>0,2,0.5),IF(OR(AB14='Resultats Reals'!$C$5,AB14='Resultats Reals'!$C$6,COUNTIF('Resultats Reals'!$E$2:$E$33,AB14)>0),1,0))+IF(AC14='Resultats Reals'!$C$10,IF(COUNTIF('Resultats Reals'!$E$2:$E$33,AC14)>0,2,0.5),IF(OR(AC14='Resultats Reals'!$C$8,AC14='Resultats Reals'!$C$9,COUNTIF('Resultats Reals'!$E$2:$E$33,AC14)>0),1,0))+IF(AD14='Resultats Reals'!$C$13,IF(COUNTIF('Resultats Reals'!$E$2:$E$33,AD14)>0,2,0.5),IF(OR(AD14='Resultats Reals'!$C$11,AD14='Resultats Reals'!$C$12,COUNTIF('Resultats Reals'!$E$2:$E$33,AD14)>0),1,0))+IF(AE14='Resultats Reals'!$C$16,IF(COUNTIF('Resultats Reals'!$E$2:$E$33,AE14)>0,2,0.5),IF(OR(AE14='Resultats Reals'!$C$14,AE14='Resultats Reals'!$C$15,COUNTIF('Resultats Reals'!$E$2:$E$33,AE14)>0),1,0))+IF(AF14='Resultats Reals'!$C$19,IF(COUNTIF('Resultats Reals'!$E$2:$E$33,AF14)>0,2,0.5),IF(OR(AF14='Resultats Reals'!$C$17,AF14='Resultats Reals'!$C$18,COUNTIF('Resultats Reals'!$E$2:$E$33,AF14)>0),1,0))+IF(AG14='Resultats Reals'!$C$22,IF(COUNTIF('Resultats Reals'!$E$2:$E$33,AG14)>0,2,0.5),IF(OR(AG14='Resultats Reals'!$C$20,AG14='Resultats Reals'!$C$21,COUNTIF('Resultats Reals'!$E$2:$E$33,AG14)>0),1,0))+IF(AH14='Resultats Reals'!$C$25,IF(COUNTIF('Resultats Reals'!$E$2:$E$33,AH14)>0,2,0.5),IF(OR(AH14='Resultats Reals'!$C$23,AH14='Resultats Reals'!$C$24,COUNTIF('Resultats Reals'!$E$2:$E$33,AH14)>0),1,0))+IF(AI14='Resultats Reals'!$C$28,IF(COUNTIF('Resultats Reals'!$E$2:$E$33,AI14)>0,2,0.5),IF(OR(AI14='Resultats Reals'!$C$26,AI14='Resultats Reals'!$C$27,COUNTIF('Resultats Reals'!$E$2:$E$33,AI14)>0),1,0))+IF(AJ14='Resultats Reals'!$C$31,IF(COUNTIF('Resultats Reals'!$E$2:$E$33,AJ14)>0,2,0.5),IF(OR(AJ14='Resultats Reals'!$C$29,AJ14='Resultats Reals'!$C$30,COUNTIF('Resultats Reals'!$E$2:$E$33,AJ14)>0),1,0))+IF(AK14='Resultats Reals'!$C$34,IF(COUNTIF('Resultats Reals'!$E$2:$E$33,AK14)>0,2,0.5),IF(OR(AK14='Resultats Reals'!$C$32,AK14='Resultats Reals'!$C$33,COUNTIF('Resultats Reals'!$E$2:$E$33,AK14)>0),1,0))+IF(AL14='Resultats Reals'!$C$37,IF(COUNTIF('Resultats Reals'!$E$2:$E$33,AL14)>0,2,0.5),IF(OR(AL14='Resultats Reals'!$C$35,AL14='Resultats Reals'!$C$36,COUNTIF('Resultats Reals'!$E$2:$E$33,AL14)>0),1,0)) -> 14.5 | BX14: =IF(COUNTIF('Resultats Reals'!$F$2:$F$17,AM14)>0,1,0)+IF(COUNTIF('Resultats Reals'!$F$2:$F$17,AN14)>0,1,0)+IF(COUNTIF('Resultats Reals'!$F$2:$F$17,AO14)>0,1,0)+IF(COUNTIF('Resultats Reals'!$F$2:$F$17,AP14)>0,1,0)+IF(COUNTIF('Resultats Reals'!$F$2:$F$17,AQ14)>0,1,0)+IF(COUNTIF('Resultats Reals'!$F$2:$F$17,AR14)>0,1,0)+IF(COUNTIF('Resultats Reals'!$F$2:$F$17,AS14)>0,1,0)+IF(COUNTIF('Resultats Reals'!$F$2:$F$17,AT14)>0,1,0)+IF(COUNTIF('Resultats Reals'!$F$2:$F$17,AU14)>0,1,0)+IF(COUNTIF('Resultats Reals'!$F$2:$F$17,AV14)>0,1,0)+IF(COUNTIF('Resultats Reals'!$F$2:$F$17,AW14)>0,1,0)+IF(COUNTIF('Resultats Reals'!$F$2:$F$17,AX14)>0,1,0)+IF(COUNTIF('Resultats Reals'!$F$2:$F$17,AY14)>0,1,0)+IF(COUNTIF('Resultats Reals'!$F$2:$F$17,AZ14)>0,1,0)+IF(COUNTIF('Resultats Reals'!$F$2:$F$17,BA14)>0,1,0)+IF(COUNTIF('Resultats Reals'!$F$2:$F$17,BB14)>0,1,0) -> 11 | BY14: =IF(COUNTIF('Resultats Reals'!$G$2:$G$9,BC14)>0,1,0)+IF(COUNTIF('Resultats Reals'!$G$2:$G$9,BD14)>0,1,0)+IF(COUNTIF('Resultats Reals'!$G$2:$G$9,BE14)>0,1,0)+IF(COUNTIF('Resultats Reals'!$G$2:$G$9,BF14)>0,1,0)+IF(COUNTIF('Resultats Reals'!$G$2:$G$9,BG14)>0,1,0)+IF(COUNTIF('Resultats Reals'!$G$2:$G$9,BH14)>0,1,0)+IF(COUNTIF('Resultats Reals'!$G$2:$G$9,BI14)>0,1,0)+IF(COUNTIF('Resultats Reals'!$G$2:$G$9,BJ14)>0,1,0) -> 5 | BZ14: =IF(COUNTIF('Resultats Reals'!$H$2:$H$5,BK14)>0,1,0)+IF(COUNTIF('Resultats Reals'!$H$2:$H$5,BL14)>0,1,0)+IF(COUNTIF('Resultats Reals'!$H$2:$H$5,BM14)>0,1,0)+IF(COUNTIF('Resultats Reals'!$H$2:$H$5,BN14)>0,1,0) -> 4 | CA14: =IF(COUNTIF('Resultats Reals'!$I$2:$I$3,BO14)>0,3,0)+IF(COUNTIF('Resultats Reals'!$I$2:$I$3,BP14)>0,3,0) -> 0 | CB14: =IF(BQ14='Resultats Reals'!$J$2,5,0) -> 0 | CC14: =IF(BS14='Resultats Reals'!$K$2,5,0) -> 0 | CD14: =IFERROR(VLOOKUP(BT14,'Resultats Reals'!$N$2:$O$100,2,FALSE),0) -> 8 | CE14: =IF(BR14='Resultats Reals'!$L$2,5,0) -> 0 | CF14: =SUM(BU14:CE14) -> 79.5
A15: Anabel Linares | B15: Direcció | C15: Mèxic | D15: Canadà | E15: Brasil | F15: Turquia | G15: Alemanya | H15: Països Baixos | I15: Bèlgica | J15: Espanya | K15: França | L15: Argentina | M15: Portugal | N15: Anglaterra | O15: Corea del Sud | P15: Qatar | Q15: Marroc | R15: Estats Units | S15: Equador | T15: Japó | U15: Egipte | V15: Uruguai | W15: Noruega | X15: Algèria | Y15: Colòmbia | Z15: Croàcia | AA15: Sud-àfrica | AB15: Suïssa | AC15: Escòcia | AD15: Paraguai | AE15: Costa d'Ivori | AF15: Suècia | AG15: Iran | AH15: Aràbia Saudita | AI15: Senegal | AJ15: Àustria | AK15: RD Congo | AL15: Ghana | AM15: Alemanya | AN15: França | AO15: Corea del Sud | AP15: Marroc | AQ15: Colòmbia | AR15: Espanya | AS15: Turquia | AT15: Bèlgica | AU15: Brasil | AV15: Noruega | AW15: Mèxic | AX15: Anglaterra | AY15: Argentina | AZ15: Egipte | BA15: Canadà | BB15: Portugal | BC15: França | BD15: Marroc | BE15: Espanya | BF15: Bèlgica | BG15: Brasil | BH15: Anglaterra | BI15: Argentina | BJ15: Portugal | BK15: França | BL15: Espanya | BM15: Brasil | BN15: Argentina | BO15: Espanya | BP15: Brasil | BQ15: Espanya | BS15: Lamine Yamal | BT15: Kylian Mbappé | BU15: =IF(C15='Resultats Reals'!$C$2,2,IF(OR(C15='Resultats Reals'!$C$3,COUNTIF('Resultats Reals'!$E$2:$E$33,C15)>0),1,0))+IF(D15='Resultats Reals'!$C$5,2,IF(OR(D15='Resultats Reals'!$C$6,COUNTIF('Resultats Reals'!$E$2:$E$33,D15)>0),1,0))+IF(E15='Resultats Reals'!$C$8,2,IF(OR(E15='Resultats Reals'!$C$9,COUNTIF('Resultats Reals'!$E$2:$E$33,E15)>0),1,0))+IF(F15='Resultats Reals'!$C$11,2,IF(OR(F15='Resultats Reals'!$C$12,COUNTIF('Resultats Reals'!$E$2:$E$33,F15)>0),1,0))+IF(G15='Resultats Reals'!$C$14,2,IF(OR(G15='Resultats Reals'!$C$15,COUNTIF('Resultats Reals'!$E$2:$E$33,G15)>0),1,0))+IF(H15='Resultats Reals'!$C$17,2,IF(OR(H15='Resultats Reals'!$C$18,COUNTIF('Resultats Reals'!$E$2:$E$33,H15)>0),1,0))+IF(I15='Resultats Reals'!$C$20,2,IF(OR(I15='Resultats Reals'!$C$21,COUNTIF('Resultats Reals'!$E$2:$E$33,I15)>0),1,0))+IF(J15='Resultats Reals'!$C$23,2,IF(OR(J15='Resultats Reals'!$C$24,COUNTIF('Resultats Reals'!$E$2:$E$33,J15)>0),1,0))+IF(K15='Resultats Reals'!$C$26,2,IF(OR(K15='Resultats Reals'!$C$27,COUNTIF('Resultats Reals'!$E$2:$E$33,K15)>0),1,0))+IF(L15='Resultats Reals'!$C$29,2,IF(OR(L15='Resultats Reals'!$C$30,COUNTIF('Resultats Reals'!$E$2:$E$33,L15)>0),1,0))+IF(M15='Resultats Reals'!$C$32,2,IF(OR(M15='Resultats Reals'!$C$33,COUNTIF('Resultats Reals'!$E$2:$E$33,M15)>0),1,0))+IF(N15='Resultats Reals'!$C$35,2,IF(OR(N15='Resultats Reals'!$C$36,COUNTIF('Resultats Reals'!$E$2:$E$33,N15)>0),1,0)) -> 20 | BV15: =IF(O15='Resultats Reals'!$C$3,2,IF(OR(O15='Resultats Reals'!$C$2,COUNTIF('Resultats Reals'!$E$2:$E$33,O15)>0),1,0))+IF(P15='Resultats Reals'!$C$6,2,IF(OR(P15='Resultats Reals'!$C$5,COUNTIF('Resultats Reals'!$E$2:$E$33,P15)>0),1,0))+IF(Q15='Resultats Reals'!$C$9,2,IF(OR(Q15='Resultats Reals'!$C$8,COUNTIF('Resultats Reals'!$E$2:$E$33,Q15)>0),1,0))+IF(R15='Resultats Reals'!$C$12,2,IF(OR(R15='Resultats Reals'!$C$11,COUNTIF('Resultats Reals'!$E$2:$E$33,R15)>0),1,0))+IF(S15='Resultats Reals'!$C$15,2,IF(OR(S15='Resultats Reals'!$C$14,COUNTIF('Resultats Reals'!$E$2:$E$33,S15)>0),1,0))+IF(T15='Resultats Reals'!$C$18,2,IF(OR(T15='Resultats Reals'!$C$17,COUNTIF('Resultats Reals'!$E$2:$E$33,T15)>0),1,0))+IF(U15='Resultats Reals'!$C$21,2,IF(OR(U15='Resultats Reals'!$C$20,COUNTIF('Resultats Reals'!$E$2:$E$33,U15)>0),1,0))+IF(V15='Resultats Reals'!$C$24,2,IF(OR(V15='Resultats Reals'!$C$23,COUNTIF('Resultats Reals'!$E$2:$E$33,V15)>0),1,0))+IF(W15='Resultats Reals'!$C$27,2,IF(OR(W15='Resultats Reals'!$C$26,COUNTIF('Resultats Reals'!$E$2:$E$33,W15)>0),1,0))+IF(X15='Resultats Reals'!$C$30,2,IF(OR(X15='Resultats Reals'!$C$29,COUNTIF('Resultats Reals'!$E$2:$E$33,X15)>0),1,0))+IF(Y15='Resultats Reals'!$C$33,2,IF(OR(Y15='Resultats Reals'!$C$32,COUNTIF('Resultats Reals'!$E$2:$E$33,Y15)>0),1,0))+IF(Z15='Resultats Reals'!$C$36,2,IF(OR(Z15='Resultats Reals'!$C$35,COUNTIF('Resultats Reals'!$E$2:$E$33,Z15)>0),1,0)) -> 14 | BW15: =IF(AA15='Resultats Reals'!$C$4,IF(COUNTIF('Resultats Reals'!$E$2:$E$33,AA15)>0,2,0.5),IF(OR(AA15='Resultats Reals'!$C$2,AA15='Resultats Reals'!$C$3,COUNTIF('Resultats Reals'!$E$2:$E$33,AA15)>0),1,0))+IF(AB15='Resultats Reals'!$C$7,IF(COUNTIF('Resultats Reals'!$E$2:$E$33,AB15)>0,2,0.5),IF(OR(AB15='Resultats Reals'!$C$5,AB15='Resultats Reals'!$C$6,COUNTIF('Resultats Reals'!$E$2:$E$33,AB15)>0),1,0))+IF(AC15='Resultats Reals'!$C$10,IF(COUNTIF('Resultats Reals'!$E$2:$E$33,AC15)>0,2,0.5),IF(OR(AC15='Resultats Reals'!$C$8,AC15='Resultats Reals'!$C$9,COUNTIF('Resultats Reals'!$E$2:$E$33,AC15)>0),1,0))+IF(AD15='Resultats Reals'!$C$13,IF(COUNTIF('Resultats Reals'!$E$2:$E$33,AD15)>0,2,0.5),IF(OR(AD15='Resultats Reals'!$C$11,AD15='Resultats Reals'!$C$12,COUNTIF('Resultats Reals'!$E$2:$E$33,AD15)>0),1,0))+IF(AE15='Resultats Reals'!$C$16,IF(COUNTIF('Resultats Reals'!$E$2:$E$33,AE15)>0,2,0.5),IF(OR(AE15='Resultats Reals'!$C$14,AE15='Resultats Reals'!$C$15,COUNTIF('Resultats Reals'!$E$2:$E$33,AE15)>0),1,0))+IF(AF15='Resultats Reals'!$C$19,IF(COUNTIF('Resultats Reals'!$E$2:$E$33,AF15)>0,2,0.5),IF(OR(AF15='Resultats Reals'!$C$17,AF15='Resultats Reals'!$C$18,COUNTIF('Resultats Reals'!$E$2:$E$33,AF15)>0),1,0))+IF(AG15='Resultats Reals'!$C$22,IF(COUNTIF('Resultats Reals'!$E$2:$E$33,AG15)>0,2,0.5),IF(OR(AG15='Resultats Reals'!$C$20,AG15='Resultats Reals'!$C$21,COUNTIF('Resultats Reals'!$E$2:$E$33,AG15)>0),1,0))+IF(AH15='Resultats Reals'!$C$25,IF(COUNTIF('Resultats Reals'!$E$2:$E$33,AH15)>0,2,0.5),IF(OR(AH15='Resultats Reals'!$C$23,AH15='Resultats Reals'!$C$24,COUNTIF('Resultats Reals'!$E$2:$E$33,AH15)>0),1,0))+IF(AI15='Resultats Reals'!$C$28,IF(COUNTIF('Resultats Reals'!$E$2:$E$33,AI15)>0,2,0.5),IF(OR(AI15='Resultats Reals'!$C$26,AI15='Resultats Reals'!$C$27,COUNTIF('Resultats Reals'!$E$2:$E$33,AI15)>0),1,0))+IF(AJ15='Resultats Reals'!$C$31,IF(COUNTIF('Resultats Reals'!$E$2:$E$33,AJ15)>0,2,0.5),IF(OR(AJ15='Resultats Reals'!$C$29,AJ15='Resultats Reals'!$C$30,COUNTIF('Resultats Reals'!$E$2:$E$33,AJ15)>0),1,0))+IF(AK15='Resultats Reals'!$C$34,IF(COUNTIF('Resultats Reals'!$E$2:$E$33,AK15)>0,2,0.5),IF(OR(AK15='Resultats Reals'!$C$32,AK15='Resultats Reals'!$C$33,COUNTIF('Resultats Reals'!$E$2:$E$33,AK15)>0),1,0))+IF(AL15='Resultats Reals'!$C$37,IF(COUNTIF('Resultats Reals'!$E$2:$E$33,AL15)>0,2,0.5),IF(OR(AL15='Resultats Reals'!$C$35,AL15='Resultats Reals'!$C$36,COUNTIF('Resultats Reals'!$E$2:$E$33,AL15)>0),1,0)) -> 15 | BX15: =IF(COUNTIF('Resultats Reals'!$F$2:$F$17,AM15)>0,1,0)+IF(COUNTIF('Resultats Reals'!$F$2:$F$17,AN15)>0,1,0)+IF(COUNTIF('Resultats Reals'!$F$2:$F$17,AO15)>0,1,0)+IF(COUNTIF('Resultats Reals'!$F$2:$F$17,AP15)>0,1,0)+IF(COUNTIF('Resultats Reals'!$F$2:$F$17,AQ15)>0,1,0)+IF(COUNTIF('Resultats Reals'!$F$2:$F$17,AR15)>0,1,0)+IF(COUNTIF('Resultats Reals'!$F$2:$F$17,AS15)>0,1,0)+IF(COUNTIF('Resultats Reals'!$F$2:$F$17,AT15)>0,1,0)+IF(COUNTIF('Resultats Reals'!$F$2:$F$17,AU15)>0,1,0)+IF(COUNTIF('Resultats Reals'!$F$2:$F$17,AV15)>0,1,0)+IF(COUNTIF('Resultats Reals'!$F$2:$F$17,AW15)>0,1,0)+IF(COUNTIF('Resultats Reals'!$F$2:$F$17,AX15)>0,1,0)+IF(COUNTIF('Resultats Reals'!$F$2:$F$17,AY15)>0,1,0)+IF(COUNTIF('Resultats Reals'!$F$2:$F$17,AZ15)>0,1,0)+IF(COUNTIF('Resultats Reals'!$F$2:$F$17,BA15)>0,1,0)+IF(COUNTIF('Resultats Reals'!$F$2:$F$17,BB15)>0,1,0) -> 13 | BY15: =IF(COUNTIF('Resultats Reals'!$G$2:$G$9,BC15)>0,1,0)+IF(COUNTIF('Resultats Reals'!$G$2:$G$9,BD15)>0,1,0)+IF(COUNTIF('Resultats Reals'!$G$2:$G$9,BE15)>0,1,0)+IF(COUNTIF('Resultats Reals'!$G$2:$G$9,BF15)>0,1,0)+IF(COUNTIF('Resultats Reals'!$G$2:$G$9,BG15)>0,1,0)+IF(COUNTIF('Resultats Reals'!$G$2:$G$9,BH15)>0,1,0)+IF(COUNTIF('Resultats Reals'!$G$2:$G$9,BI15)>0,1,0)+IF(COUNTIF('Resultats Reals'!$G$2:$G$9,BJ15)>0,1,0) -> 6 | BZ15: =IF(COUNTIF('Resultats Reals'!$H$2:$H$5,BK15)>0,1,0)+IF(COUNTIF('Resultats Reals'!$H$2:$H$5,BL15)>0,1,0)+IF(COUNTIF('Resultats Reals'!$H$2:$H$5,BM15)>0,1,0)+IF(COUNTIF('Resultats Reals'!$H$2:$H$5,BN15)>0,1,0) -> 3 | CA15: =IF(COUNTIF('Resultats Reals'!$I$2:$I$3,BO15)>0,3,0)+IF(COUNTIF('Resultats Reals'!$I$2:$I$3,BP15)>0,3,0) -> 0 | CB15: =IF(BQ15='Resultats Reals'!$J$2,5,0) -> 0 | CC15: =IF(BS15='Resultats Reals'!$K$2,5,0) -> 0 | CD15: =IFERROR(VLOOKUP(BT15,'Resultats Reals'!$N$2:$O$100,2,FALSE),0) -> 8 | CE15: =IF(BR15='Resultats Reals'!$L$2,5,0) -> 0 | CF15: =SUM(BU15:CE15) -> 79
A16: Veronica Tito - Biel Ros | B16: Manteniment | C16: Mèxic | D16: Suïssa | E16: Brasil | F16: Turquia | G16: Alemanya | H16: Països Baixos | I16: Bèlgica | J16: Espanya | K16: França | L16: Argentina | M16: Portugal | N16: Anglaterra | O16: Corea del Sud | P16: Canadà | Q16: Marroc | R16: Estats Units | S16: Equador | T16: Japó | U16: Egipte | V16: Uruguai | W16: Noruega | X16: Algèria | Y16: Colòmbia | Z16: Croàcia | AA16: República Txeca | AB16: Bòsnia i Hercegovina | AC16: Escòcia | AD16: Austràlia | AE16: Costa d'Ivori | AF16: Suècia | AG16: Iran | AH16: Aràbia Saudita | AI16: Senegal | AJ16: Àustria | AK16: Uzbekistan | AL16: Ghana | AM16: Brasil | AN16: Alemanya | AO16: Marroc | AP16: Espanya | AQ16: Bèlgica | AR16: Països Baixos | AS16: Argentina | AT16: França | AU16: Anglaterra | AV16: Croàcia | AW16: Portugal | AX16: Uruguai | AY16: Equador | AZ16: Turquia | BA16: Colòmbia | BB16: Senegal | BC16: Espanya | BD16: Argentina | BE16: França | BF16: Brasil | BG16: Alemanya | BH16: Marroc | BI16: Portugal | BJ16: Països Baixos | BK16: Espanya | BL16: Brasil | BM16: Argentina | BN16: França | BO16: Espanya | BP16: França | BQ16: Espanya | BS16: Lamine Yamal | BT16: Kylian Mbappé | BU16: =IF(C16='Resultats Reals'!$C$2,2,IF(OR(C16='Resultats Reals'!$C$3,COUNTIF('Resultats Reals'!$E$2:$E$33,C16)>0),1,0))+IF(D16='Resultats Reals'!$C$5,2,IF(OR(D16='Resultats Reals'!$C$6,COUNTIF('Resultats Reals'!$E$2:$E$33,D16)>0),1,0))+IF(E16='Resultats Reals'!$C$8,2,IF(OR(E16='Resultats Reals'!$C$9,COUNTIF('Resultats Reals'!$E$2:$E$33,E16)>0),1,0))+IF(F16='Resultats Reals'!$C$11,2,IF(OR(F16='Resultats Reals'!$C$12,COUNTIF('Resultats Reals'!$E$2:$E$33,F16)>0),1,0))+IF(G16='Resultats Reals'!$C$14,2,IF(OR(G16='Resultats Reals'!$C$15,COUNTIF('Resultats Reals'!$E$2:$E$33,G16)>0),1,0))+IF(H16='Resultats Reals'!$C$17,2,IF(OR(H16='Resultats Reals'!$C$18,COUNTIF('Resultats Reals'!$E$2:$E$33,H16)>0),1,0))+IF(I16='Resultats Reals'!$C$20,2,IF(OR(I16='Resultats Reals'!$C$21,COUNTIF('Resultats Reals'!$E$2:$E$33,I16)>0),1,0))+IF(J16='Resultats Reals'!$C$23,2,IF(OR(J16='Resultats Reals'!$C$24,COUNTIF('Resultats Reals'!$E$2:$E$33,J16)>0),1,0))+IF(K16='Resultats Reals'!$C$26,2,IF(OR(K16='Resultats Reals'!$C$27,COUNTIF('Resultats Reals'!$E$2:$E$33,K16)>0),1,0))+IF(L16='Resultats Reals'!$C$29,2,IF(OR(L16='Resultats Reals'!$C$30,COUNTIF('Resultats Reals'!$E$2:$E$33,L16)>0),1,0))+IF(M16='Resultats Reals'!$C$32,2,IF(OR(M16='Resultats Reals'!$C$33,COUNTIF('Resultats Reals'!$E$2:$E$33,M16)>0),1,0))+IF(N16='Resultats Reals'!$C$35,2,IF(OR(N16='Resultats Reals'!$C$36,COUNTIF('Resultats Reals'!$E$2:$E$33,N16)>0),1,0)) -> 21 | BV16: =IF(O16='Resultats Reals'!$C$3,2,IF(OR(O16='Resultats Reals'!$C$2,COUNTIF('Resultats Reals'!$E$2:$E$33,O16)>0),1,0))+IF(P16='Resultats Reals'!$C$6,2,IF(OR(P16='Resultats Reals'!$C$5,COUNTIF('Resultats Reals'!$E$2:$E$33,P16)>0),1,0))+IF(Q16='Resultats Reals'!$C$9,2,IF(OR(Q16='Resultats Reals'!$C$8,COUNTIF('Resultats Reals'!$E$2:$E$33,Q16)>0),1,0))+IF(R16='Resultats Reals'!$C$12,2,IF(OR(R16='Resultats Reals'!$C$11,COUNTIF('Resultats Reals'!$E$2:$E$33,R16)>0),1,0))+IF(S16='Resultats Reals'!$C$15,2,IF(OR(S16='Resultats Reals'!$C$14,COUNTIF('Resultats Reals'!$E$2:$E$33,S16)>0),1,0))+IF(T16='Resultats Reals'!$C$18,2,IF(OR(T16='Resultats Reals'!$C$17,COUNTIF('Resultats Reals'!$E$2:$E$33,T16)>0),1,0))+IF(U16='Resultats Reals'!$C$21,2,IF(OR(U16='Resultats Reals'!$C$20,COUNTIF('Resultats Reals'!$E$2:$E$33,U16)>0),1,0))+IF(V16='Resultats Reals'!$C$24,2,IF(OR(V16='Resultats Reals'!$C$23,COUNTIF('Resultats Reals'!$E$2:$E$33,V16)>0),1,0))+IF(W16='Resultats Reals'!$C$27,2,IF(OR(W16='Resultats Reals'!$C$26,COUNTIF('Resultats Reals'!$E$2:$E$33,W16)>0),1,0))+IF(X16='Resultats Reals'!$C$30,2,IF(OR(X16='Resultats Reals'!$C$29,COUNTIF('Resultats Reals'!$E$2:$E$33,X16)>0),1,0))+IF(Y16='Resultats Reals'!$C$33,2,IF(OR(Y16='Resultats Reals'!$C$32,COUNTIF('Resultats Reals'!$E$2:$E$33,Y16)>0),1,0))+IF(Z16='Resultats Reals'!$C$36,2,IF(OR(Z16='Resultats Reals'!$C$35,COUNTIF('Resultats Reals'!$E$2:$E$33,Z16)>0),1,0)) -> 16 | BW16: =IF(AA16='Resultats Reals'!$C$4,IF(COUNTIF('Resultats Reals'!$E$2:$E$33,AA16)>0,2,0.5),IF(OR(AA16='Resultats Reals'!$C$2,AA16='Resultats Reals'!$C$3,COUNTIF('Resultats Reals'!$E$2:$E$33,AA16)>0),1,0))+IF(AB16='Resultats Reals'!$C$7,IF(COUNTIF('Resultats Reals'!$E$2:$E$33,AB16)>0,2,0.5),IF(OR(AB16='Resultats Reals'!$C$5,AB16='Resultats Reals'!$C$6,COUNTIF('Resultats Reals'!$E$2:$E$33,AB16)>0),1,0))+IF(AC16='Resultats Reals'!$C$10,IF(COUNTIF('Resultats Reals'!$E$2:$E$33,AC16)>0,2,0.5),IF(OR(AC16='Resultats Reals'!$C$8,AC16='Resultats Reals'!$C$9,COUNTIF('Resultats Reals'!$E$2:$E$33,AC16)>0),1,0))+IF(AD16='Resultats Reals'!$C$13,IF(COUNTIF('Resultats Reals'!$E$2:$E$33,AD16)>0,2,0.5),IF(OR(AD16='Resultats Reals'!$C$11,AD16='Resultats Reals'!$C$12,COUNTIF('Resultats Reals'!$E$2:$E$33,AD16)>0),1,0))+IF(AE16='Resultats Reals'!$C$16,IF(COUNTIF('Resultats Reals'!$E$2:$E$33,AE16)>0,2,0.5),IF(OR(AE16='Resultats Reals'!$C$14,AE16='Resultats Reals'!$C$15,COUNTIF('Resultats Reals'!$E$2:$E$33,AE16)>0),1,0))+IF(AF16='Resultats Reals'!$C$19,IF(COUNTIF('Resultats Reals'!$E$2:$E$33,AF16)>0,2,0.5),IF(OR(AF16='Resultats Reals'!$C$17,AF16='Resultats Reals'!$C$18,COUNTIF('Resultats Reals'!$E$2:$E$33,AF16)>0),1,0))+IF(AG16='Resultats Reals'!$C$22,IF(COUNTIF('Resultats Reals'!$E$2:$E$33,AG16)>0,2,0.5),IF(OR(AG16='Resultats Reals'!$C$20,AG16='Resultats Reals'!$C$21,COUNTIF('Resultats Reals'!$E$2:$E$33,AG16)>0),1,0))+IF(AH16='Resultats Reals'!$C$25,IF(COUNTIF('Resultats Reals'!$E$2:$E$33,AH16)>0,2,0.5),IF(OR(AH16='Resultats Reals'!$C$23,AH16='Resultats Reals'!$C$24,COUNTIF('Resultats Reals'!$E$2:$E$33,AH16)>0),1,0))+IF(AI16='Resultats Reals'!$C$28,IF(COUNTIF('Resultats Reals'!$E$2:$E$33,AI16)>0,2,0.5),IF(OR(AI16='Resultats Reals'!$C$26,AI16='Resultats Reals'!$C$27,COUNTIF('Resultats Reals'!$E$2:$E$33,AI16)>0),1,0))+IF(AJ16='Resultats Reals'!$C$31,IF(COUNTIF('Resultats Reals'!$E$2:$E$33,AJ16)>0,2,0.5),IF(OR(AJ16='Resultats Reals'!$C$29,AJ16='Resultats Reals'!$C$30,COUNTIF('Resultats Reals'!$E$2:$E$33,AJ16)>0),1,0))+IF(AK16='Resultats Reals'!$C$34,IF(COUNTIF('Resultats Reals'!$E$2:$E$33,AK16)>0,2,0.5),IF(OR(AK16='Resultats Reals'!$C$32,AK16='Resultats Reals'!$C$33,COUNTIF('Resultats Reals'!$E$2:$E$33,AK16)>0),1,0))+IF(AL16='Resultats Reals'!$C$37,IF(COUNTIF('Resultats Reals'!$E$2:$E$33,AL16)>0,2,0.5),IF(OR(AL16='Resultats Reals'!$C$35,AL16='Resultats Reals'!$C$36,COUNTIF('Resultats Reals'!$E$2:$E$33,AL16)>0),1,0)) -> 12 | BX16: =IF(COUNTIF('Resultats Reals'!$F$2:$F$17,AM16)>0,1,0)+IF(COUNTIF('Resultats Reals'!$F$2:$F$17,AN16)>0,1,0)+IF(COUNTIF('Resultats Reals'!$F$2:$F$17,AO16)>0,1,0)+IF(COUNTIF('Resultats Reals'!$F$2:$F$17,AP16)>0,1,0)+IF(COUNTIF('Resultats Reals'!$F$2:$F$17,AQ16)>0,1,0)+IF(COUNTIF('Resultats Reals'!$F$2:$F$17,AR16)>0,1,0)+IF(COUNTIF('Resultats Reals'!$F$2:$F$17,AS16)>0,1,0)+IF(COUNTIF('Resultats Reals'!$F$2:$F$17,AT16)>0,1,0)+IF(COUNTIF('Resultats Reals'!$F$2:$F$17,AU16)>0,1,0)+IF(COUNTIF('Resultats Reals'!$F$2:$F$17,AV16)>0,1,0)+IF(COUNTIF('Resultats Reals'!$F$2:$F$17,AW16)>0,1,0)+IF(COUNTIF('Resultats Reals'!$F$2:$F$17,AX16)>0,1,0)+IF(COUNTIF('Resultats Reals'!$F$2:$F$17,AY16)>0,1,0)+IF(COUNTIF('Resultats Reals'!$F$2:$F$17,AZ16)>0,1,0)+IF(COUNTIF('Resultats Reals'!$F$2:$F$17,BA16)>0,1,0)+IF(COUNTIF('Resultats Reals'!$F$2:$F$17,BB16)>0,1,0) -> 9 | BY16: =IF(COUNTIF('Resultats Reals'!$G$2:$G$9,BC16)>0,1,0)+IF(COUNTIF('Resultats Reals'!$G$2:$G$9,BD16)>0,1,0)+IF(COUNTIF('Resultats Reals'!$G$2:$G$9,BE16)>0,1,0)+IF(COUNTIF('Resultats Reals'!$G$2:$G$9,BF16)>0,1,0)+IF(COUNTIF('Resultats Reals'!$G$2:$G$9,BG16)>0,1,0)+IF(COUNTIF('Resultats Reals'!$G$2:$G$9,BH16)>0,1,0)+IF(COUNTIF('Resultats Reals'!$G$2:$G$9,BI16)>0,1,0)+IF(COUNTIF('Resultats Reals'!$G$2:$G$9,BJ16)>0,1,0) -> 4 | BZ16: =IF(COUNTIF('Resultats Reals'!$H$2:$H$5,BK16)>0,1,0)+IF(COUNTIF('Resultats Reals'!$H$2:$H$5,BL16)>0,1,0)+IF(COUNTIF('Resultats Reals'!$H$2:$H$5,BM16)>0,1,0)+IF(COUNTIF('Resultats Reals'!$H$2:$H$5,BN16)>0,1,0) -> 3 | CA16: =IF(COUNTIF('Resultats Reals'!$I$2:$I$3,BO16)>0,3,0)+IF(COUNTIF('Resultats Reals'!$I$2:$I$3,BP16)>0,3,0) -> 0 | CB16: =IF(BQ16='Resultats Reals'!$J$2,5,0) -> 0 | CC16: =IF(BS16='Resultats Reals'!$K$2,5,0) -> 0 | CD16: =IFERROR(VLOOKUP(BT16,'Resultats Reals'!$N$2:$O$100,2,FALSE),0) -> 8 | CE16: =IF(BR16='Resultats Reals'!$L$2,5,0) -> 0 | CF16: =SUM(BU16:CE16) -> 73
A17: Adria Hernandez | B17: Obres | C17: Corea del Sud | D17: Canadà | E17: Marroc | F17: Paraguai | G17: Alemanya | H17: Japó | I17: Egipte | J17: Espanya | K17: França | L17: Argentina | M17: Portugal | N17: Anglaterra | O17: Mèxic | P17: Suïssa | Q17: Brasil | R17: Estats Units | S17: Equador | T17: Països Baixos | U17: Bèlgica | V17: Uruguai | W17: Noruega | X17: Algèria | Y17: Colòmbia | Z17: Ghana | AA17: República Txeca | AB17: Qatar | AC17: Escòcia | AD17: Austràlia | AE17: Costa d'Ivori | AF17: Suècia | AG17: Nova Zelanda | AH17: Aràbia Saudita | AI17: Senegal | AJ17: Àustria | AK17: RD Congo | AL17: Croàcia | AM17: Alemanya | AN17: França | AO17: Brasil | AP17: Japó | AQ17: Ghana | AR17: Espanya | AS17: Paraguai | AT17: Egipte | AU17: Marroc | AV17: Noruega | AW17: Mèxic | AX17: Anglaterra | AY17: Argentina | AZ17: Bèlgica | BA17: Portugal | BB17: Croàcia | BC17: França | BD17: Japó | BE17: Espanya | BF17: Alemanya | BG17: Marroc | BH17: Anglaterra | BI17: Portugal | BJ17: Egipte | BK17: França | BL17: Espanya | BM17: Anglaterra | BN17: Portugal | BO17: Espanya | BP17: Anglaterra | BQ17: Espanya | BS17: Harry Kane | BT17: Kylian Mbappé | BU17: =IF(C17='Resultats Reals'!$C$2,2,IF(OR(C17='Resultats Reals'!$C$3,COUNTIF('Resultats Reals'!$E$2:$E$33,C17)>0),1,0))+IF(D17='Resultats Reals'!$C$5,2,IF(OR(D17='Resultats Reals'!$C$6,COUNTIF('Resultats Reals'!$E$2:$E$33,D17)>0),1,0))+IF(E17='Resultats Reals'!$C$8,2,IF(OR(E17='Resultats Reals'!$C$9,COUNTIF('Resultats Reals'!$E$2:$E$33,E17)>0),1,0))+IF(F17='Resultats Reals'!$C$11,2,IF(OR(F17='Resultats Reals'!$C$12,COUNTIF('Resultats Reals'!$E$2:$E$33,F17)>0),1,0))+IF(G17='Resultats Reals'!$C$14,2,IF(OR(G17='Resultats Reals'!$C$15,COUNTIF('Resultats Reals'!$E$2:$E$33,G17)>0),1,0))+IF(H17='Resultats Reals'!$C$17,2,IF(OR(H17='Resultats Reals'!$C$18,COUNTIF('Resultats Reals'!$E$2:$E$33,H17)>0),1,0))+IF(I17='Resultats Reals'!$C$20,2,IF(OR(I17='Resultats Reals'!$C$21,COUNTIF('Resultats Reals'!$E$2:$E$33,I17)>0),1,0))+IF(J17='Resultats Reals'!$C$23,2,IF(OR(J17='Resultats Reals'!$C$24,COUNTIF('Resultats Reals'!$E$2:$E$33,J17)>0),1,0))+IF(K17='Resultats Reals'!$C$26,2,IF(OR(K17='Resultats Reals'!$C$27,COUNTIF('Resultats Reals'!$E$2:$E$33,K17)>0),1,0))+IF(L17='Resultats Reals'!$C$29,2,IF(OR(L17='Resultats Reals'!$C$30,COUNTIF('Resultats Reals'!$E$2:$E$33,L17)>0),1,0))+IF(M17='Resultats Reals'!$C$32,2,IF(OR(M17='Resultats Reals'!$C$33,COUNTIF('Resultats Reals'!$E$2:$E$33,M17)>0),1,0))+IF(N17='Resultats Reals'!$C$35,2,IF(OR(N17='Resultats Reals'!$C$36,COUNTIF('Resultats Reals'!$E$2:$E$33,N17)>0),1,0)) -> 16 | BV17: =IF(O17='Resultats Reals'!$C$3,2,IF(OR(O17='Resultats Reals'!$C$2,COUNTIF('Resultats Reals'!$E$2:$E$33,O17)>0),1,0))+IF(P17='Resultats Reals'!$C$6,2,IF(OR(P17='Resultats Reals'!$C$5,COUNTIF('Resultats Reals'!$E$2:$E$33,P17)>0),1,0))+IF(Q17='Resultats Reals'!$C$9,2,IF(OR(Q17='Resultats Reals'!$C$8,COUNTIF('Resultats Reals'!$E$2:$E$33,Q17)>0),1,0))+IF(R17='Resultats Reals'!$C$12,2,IF(OR(R17='Resultats Reals'!$C$11,COUNTIF('Resultats Reals'!$E$2:$E$33,R17)>0),1,0))+IF(S17='Resultats Reals'!$C$15,2,IF(OR(S17='Resultats Reals'!$C$14,COUNTIF('Resultats Reals'!$E$2:$E$33,S17)>0),1,0))+IF(T17='Resultats Reals'!$C$18,2,IF(OR(T17='Resultats Reals'!$C$17,COUNTIF('Resultats Reals'!$E$2:$E$33,T17)>0),1,0))+IF(U17='Resultats Reals'!$C$21,2,IF(OR(U17='Resultats Reals'!$C$20,COUNTIF('Resultats Reals'!$E$2:$E$33,U17)>0),1,0))+IF(V17='Resultats Reals'!$C$24,2,IF(OR(V17='Resultats Reals'!$C$23,COUNTIF('Resultats Reals'!$E$2:$E$33,V17)>0),1,0))+IF(W17='Resultats Reals'!$C$27,2,IF(OR(W17='Resultats Reals'!$C$26,COUNTIF('Resultats Reals'!$E$2:$E$33,W17)>0),1,0))+IF(X17='Resultats Reals'!$C$30,2,IF(OR(X17='Resultats Reals'!$C$29,COUNTIF('Resultats Reals'!$E$2:$E$33,X17)>0),1,0))+IF(Y17='Resultats Reals'!$C$33,2,IF(OR(Y17='Resultats Reals'!$C$32,COUNTIF('Resultats Reals'!$E$2:$E$33,Y17)>0),1,0))+IF(Z17='Resultats Reals'!$C$36,2,IF(OR(Z17='Resultats Reals'!$C$35,COUNTIF('Resultats Reals'!$E$2:$E$33,Z17)>0),1,0)) -> 12 | BW17: =IF(AA17='Resultats Reals'!$C$4,IF(COUNTIF('Resultats Reals'!$E$2:$E$33,AA17)>0,2,0.5),IF(OR(AA17='Resultats Reals'!$C$2,AA17='Resultats Reals'!$C$3,COUNTIF('Resultats Reals'!$E$2:$E$33,AA17)>0),1,0))+IF(AB17='Resultats Reals'!$C$7,IF(COUNTIF('Resultats Reals'!$E$2:$E$33,AB17)>0,2,0.5),IF(OR(AB17='Resultats Reals'!$C$5,AB17='Resultats Reals'!$C$6,COUNTIF('Resultats Reals'!$E$2:$E$33,AB17)>0),1,0))+IF(AC17='Resultats Reals'!$C$10,IF(COUNTIF('Resultats Reals'!$E$2:$E$33,AC17)>0,2,0.5),IF(OR(AC17='Resultats Reals'!$C$8,AC17='Resultats Reals'!$C$9,COUNTIF('Resultats Reals'!$E$2:$E$33,AC17)>0),1,0))+IF(AD17='Resultats Reals'!$C$13,IF(COUNTIF('Resultats Reals'!$E$2:$E$33,AD17)>0,2,0.5),IF(OR(AD17='Resultats Reals'!$C$11,AD17='Resultats Reals'!$C$12,COUNTIF('Resultats Reals'!$E$2:$E$33,AD17)>0),1,0))+IF(AE17='Resultats Reals'!$C$16,IF(COUNTIF('Resultats Reals'!$E$2:$E$33,AE17)>0,2,0.5),IF(OR(AE17='Resultats Reals'!$C$14,AE17='Resultats Reals'!$C$15,COUNTIF('Resultats Reals'!$E$2:$E$33,AE17)>0),1,0))+IF(AF17='Resultats Reals'!$C$19,IF(COUNTIF('Resultats Reals'!$E$2:$E$33,AF17)>0,2,0.5),IF(OR(AF17='Resultats Reals'!$C$17,AF17='Resultats Reals'!$C$18,COUNTIF('Resultats Reals'!$E$2:$E$33,AF17)>0),1,0))+IF(AG17='Resultats Reals'!$C$22,IF(COUNTIF('Resultats Reals'!$E$2:$E$33,AG17)>0,2,0.5),IF(OR(AG17='Resultats Reals'!$C$20,AG17='Resultats Reals'!$C$21,COUNTIF('Resultats Reals'!$E$2:$E$33,AG17)>0),1,0))+IF(AH17='Resultats Reals'!$C$25,IF(COUNTIF('Resultats Reals'!$E$2:$E$33,AH17)>0,2,0.5),IF(OR(AH17='Resultats Reals'!$C$23,AH17='Resultats Reals'!$C$24,COUNTIF('Resultats Reals'!$E$2:$E$33,AH17)>0),1,0))+IF(AI17='Resultats Reals'!$C$28,IF(COUNTIF('Resultats Reals'!$E$2:$E$33,AI17)>0,2,0.5),IF(OR(AI17='Resultats Reals'!$C$26,AI17='Resultats Reals'!$C$27,COUNTIF('Resultats Reals'!$E$2:$E$33,AI17)>0),1,0))+IF(AJ17='Resultats Reals'!$C$31,IF(COUNTIF('Resultats Reals'!$E$2:$E$33,AJ17)>0,2,0.5),IF(OR(AJ17='Resultats Reals'!$C$29,AJ17='Resultats Reals'!$C$30,COUNTIF('Resultats Reals'!$E$2:$E$33,AJ17)>0),1,0))+IF(AK17='Resultats Reals'!$C$34,IF(COUNTIF('Resultats Reals'!$E$2:$E$33,AK17)>0,2,0.5),IF(OR(AK17='Resultats Reals'!$C$32,AK17='Resultats Reals'!$C$33,COUNTIF('Resultats Reals'!$E$2:$E$33,AK17)>0),1,0))+IF(AL17='Resultats Reals'!$C$37,IF(COUNTIF('Resultats Reals'!$E$2:$E$33,AL17)>0,2,0.5),IF(OR(AL17='Resultats Reals'!$C$35,AL17='Resultats Reals'!$C$36,COUNTIF('Resultats Reals'!$E$2:$E$33,AL17)>0),1,0)) -> 10.5 | BX17: =IF(COUNTIF('Resultats Reals'!$F$2:$F$17,AM17)>0,1,0)+IF(COUNTIF('Resultats Reals'!$F$2:$F$17,AN17)>0,1,0)+IF(COUNTIF('Resultats Reals'!$F$2:$F$17,AO17)>0,1,0)+IF(COUNTIF('Resultats Reals'!$F$2:$F$17,AP17)>0,1,0)+IF(COUNTIF('Resultats Reals'!$F$2:$F$17,AQ17)>0,1,0)+IF(COUNTIF('Resultats Reals'!$F$2:$F$17,AR17)>0,1,0)+IF(COUNTIF('Resultats Reals'!$F$2:$F$17,AS17)>0,1,0)+IF(COUNTIF('Resultats Reals'!$F$2:$F$17,AT17)>0,1,0)+IF(COUNTIF('Resultats Reals'!$F$2:$F$17,AU17)>0,1,0)+IF(COUNTIF('Resultats Reals'!$F$2:$F$17,AV17)>0,1,0)+IF(COUNTIF('Resultats Reals'!$F$2:$F$17,AW17)>0,1,0)+IF(COUNTIF('Resultats Reals'!$F$2:$F$17,AX17)>0,1,0)+IF(COUNTIF('Resultats Reals'!$F$2:$F$17,AY17)>0,1,0)+IF(COUNTIF('Resultats Reals'!$F$2:$F$17,AZ17)>0,1,0)+IF(COUNTIF('Resultats Reals'!$F$2:$F$17,BA17)>0,1,0)+IF(COUNTIF('Resultats Reals'!$F$2:$F$17,BB17)>0,1,0) -> 12 | BY17: =IF(COUNTIF('Resultats Reals'!$G$2:$G$9,BC17)>0,1,0)+IF(COUNTIF('Resultats Reals'!$G$2:$G$9,BD17)>0,1,0)+IF(COUNTIF('Resultats Reals'!$G$2:$G$9,BE17)>0,1,0)+IF(COUNTIF('Resultats Reals'!$G$2:$G$9,BF17)>0,1,0)+IF(COUNTIF('Resultats Reals'!$G$2:$G$9,BG17)>0,1,0)+IF(COUNTIF('Resultats Reals'!$G$2:$G$9,BH17)>0,1,0)+IF(COUNTIF('Resultats Reals'!$G$2:$G$9,BI17)>0,1,0)+IF(COUNTIF('Resultats Reals'!$G$2:$G$9,BJ17)>0,1,0) -> 4 | BZ17: =IF(COUNTIF('Resultats Reals'!$H$2:$H$5,BK17)>0,1,0)+IF(COUNTIF('Resultats Reals'!$H$2:$H$5,BL17)>0,1,0)+IF(COUNTIF('Resultats Reals'!$H$2:$H$5,BM17)>0,1,0)+IF(COUNTIF('Resultats Reals'!$H$2:$H$5,BN17)>0,1,0) -> 3 | CA17: =IF(COUNTIF('Resultats Reals'!$I$2:$I$3,BO17)>0,3,0)+IF(COUNTIF('Resultats Reals'!$I$2:$I$3,BP17)>0,3,0) -> 0 | CB17: =IF(BQ17='Resultats Reals'!$J$2,5,0) -> 0 | CC17: =IF(BS17='Resultats Reals'!$K$2,5,0) -> 0 | CD17: =IFERROR(VLOOKUP(BT17,'Resultats Reals'!$N$2:$O$100,2,FALSE),0) -> 8 | CE17: =IF(BR17='Resultats Reals'!$L$2,5,0) -> 0 | CF17: =SUM(BU17:CE17) -> 65.5
A18: Adrian Escribano | B18: Manteniment | C18: Mèxic | D18: Suïssa | E18: Brasil | F18: Turquia | G18: Costa d'Ivori | H18: Països Baixos | I18: Bèlgica | J18: Espanya | K18: França | L18: Argentina | M18: Portugal | N18: Anglaterra | O18: Corea del Sud | P18: Bòsnia i Hercegovina | Q18: Marroc | R18: Estats Units | S18: Alemanya | T18: Japó | U18: Egipte | V18: Uruguai | W18: Senegal | X18: Àustria | Y18: Colòmbia | Z18: Croàcia | AA18: República Txeca | AB18: Canadà | AC18: Escòcia | AD18: Paraguai | AE18: Equador | AF18: Suècia | AG18: Iran | AH18: Aràbia Saudita | AI18: Noruega | AJ18: Algèria | AK18: RD Congo | AL18: Ghana | AM18: Costa d'Ivori | AN18: França | AO18: Bòsnia i Hercegovina | AP18: Països Baixos | AQ18: Colòmbia | AR18: Espanya | AS18: Turquia | AT18: Bèlgica | AU18: Brasil | AV18: Senegal | AW18: Mèxic | AX18: Anglaterra | AY18: Argentina | AZ18: Estats Units | BA18: Suïssa | BB18: Portugal | BC18: França | BD18: Països Baixos | BE18: Espanya | BF18: Turquia | BG18: Brasil | BH18: Anglaterra | BI18: Argentina | BJ18: Portugal | BK18: Països Baixos | BL18: Espanya | BM18: Anglaterra | BN18: Brasil | BO18: Països Baixos | BP18: Anglaterra | BQ18: Anglaterra | BS18: Vinícius Júnior | BT18: Harry Kane | BU18: =IF(C18='Resultats Reals'!$C$2,2,IF(OR(C18='Resultats Reals'!$C$3,COUNTIF('Resultats Reals'!$E$2:$E$33,C18)>0),1,0))+IF(D18='Resultats Reals'!$C$5,2,IF(OR(D18='Resultats Reals'!$C$6,COUNTIF('Resultats Reals'!$E$2:$E$33,D18)>0),1,0))+IF(E18='Resultats Reals'!$C$8,2,IF(OR(E18='Resultats Reals'!$C$9,COUNTIF('Resultats Reals'!$E$2:$E$33,E18)>0),1,0))+IF(F18='Resultats Reals'!$C$11,2,IF(OR(F18='Resultats Reals'!$C$12,COUNTIF('Resultats Reals'!$E$2:$E$33,F18)>0),1,0))+IF(G18='Resultats Reals'!$C$14,2,IF(OR(G18='Resultats Reals'!$C$15,COUNTIF('Resultats Reals'!$E$2:$E$33,G18)>0),1,0))+IF(H18='Resultats Reals'!$C$17,2,IF(OR(H18='Resultats Reals'!$C$18,COUNTIF('Resultats Reals'!$E$2:$E$33,H18)>0),1,0))+IF(I18='Resultats Reals'!$C$20,2,IF(OR(I18='Resultats Reals'!$C$21,COUNTIF('Resultats Reals'!$E$2:$E$33,I18)>0),1,0))+IF(J18='Resultats Reals'!$C$23,2,IF(OR(J18='Resultats Reals'!$C$24,COUNTIF('Resultats Reals'!$E$2:$E$33,J18)>0),1,0))+IF(K18='Resultats Reals'!$C$26,2,IF(OR(K18='Resultats Reals'!$C$27,COUNTIF('Resultats Reals'!$E$2:$E$33,K18)>0),1,0))+IF(L18='Resultats Reals'!$C$29,2,IF(OR(L18='Resultats Reals'!$C$30,COUNTIF('Resultats Reals'!$E$2:$E$33,L18)>0),1,0))+IF(M18='Resultats Reals'!$C$32,2,IF(OR(M18='Resultats Reals'!$C$33,COUNTIF('Resultats Reals'!$E$2:$E$33,M18)>0),1,0))+IF(N18='Resultats Reals'!$C$35,2,IF(OR(N18='Resultats Reals'!$C$36,COUNTIF('Resultats Reals'!$E$2:$E$33,N18)>0),1,0)) -> 20 | BV18: =IF(O18='Resultats Reals'!$C$3,2,IF(OR(O18='Resultats Reals'!$C$2,COUNTIF('Resultats Reals'!$E$2:$E$33,O18)>0),1,0))+IF(P18='Resultats Reals'!$C$6,2,IF(OR(P18='Resultats Reals'!$C$5,COUNTIF('Resultats Reals'!$E$2:$E$33,P18)>0),1,0))+IF(Q18='Resultats Reals'!$C$9,2,IF(OR(Q18='Resultats Reals'!$C$8,COUNTIF('Resultats Reals'!$E$2:$E$33,Q18)>0),1,0))+IF(R18='Resultats Reals'!$C$12,2,IF(OR(R18='Resultats Reals'!$C$11,COUNTIF('Resultats Reals'!$E$2:$E$33,R18)>0),1,0))+IF(S18='Resultats Reals'!$C$15,2,IF(OR(S18='Resultats Reals'!$C$14,COUNTIF('Resultats Reals'!$E$2:$E$33,S18)>0),1,0))+IF(T18='Resultats Reals'!$C$18,2,IF(OR(T18='Resultats Reals'!$C$17,COUNTIF('Resultats Reals'!$E$2:$E$33,T18)>0),1,0))+IF(U18='Resultats Reals'!$C$21,2,IF(OR(U18='Resultats Reals'!$C$20,COUNTIF('Resultats Reals'!$E$2:$E$33,U18)>0),1,0))+IF(V18='Resultats Reals'!$C$24,2,IF(OR(V18='Resultats Reals'!$C$23,COUNTIF('Resultats Reals'!$E$2:$E$33,V18)>0),1,0))+IF(W18='Resultats Reals'!$C$27,2,IF(OR(W18='Resultats Reals'!$C$26,COUNTIF('Resultats Reals'!$E$2:$E$33,W18)>0),1,0))+IF(X18='Resultats Reals'!$C$30,2,IF(OR(X18='Resultats Reals'!$C$29,COUNTIF('Resultats Reals'!$E$2:$E$33,X18)>0),1,0))+IF(Y18='Resultats Reals'!$C$33,2,IF(OR(Y18='Resultats Reals'!$C$32,COUNTIF('Resultats Reals'!$E$2:$E$33,Y18)>0),1,0))+IF(Z18='Resultats Reals'!$C$36,2,IF(OR(Z18='Resultats Reals'!$C$35,COUNTIF('Resultats Reals'!$E$2:$E$33,Z18)>0),1,0)) -> 15 | BW18: =IF(AA18='Resultats Reals'!$C$4,IF(COUNTIF('Resultats Reals'!$E$2:$E$33,AA18)>0,2,0.5),IF(OR(AA18='Resultats Reals'!$C$2,AA18='Resultats Reals'!$C$3,COUNTIF('Resultats Reals'!$E$2:$E$33,AA18)>0),1,0))+IF(AB18='Resultats Reals'!$C$7,IF(COUNTIF('Resultats Reals'!$E$2:$E$33,AB18)>0,2,0.5),IF(OR(AB18='Resultats Reals'!$C$5,AB18='Resultats Reals'!$C$6,COUNTIF('Resultats Reals'!$E$2:$E$33,AB18)>0),1,0))+IF(AC18='Resultats Reals'!$C$10,IF(COUNTIF('Resultats Reals'!$E$2:$E$33,AC18)>0,2,0.5),IF(OR(AC18='Resultats Reals'!$C$8,AC18='Resultats Reals'!$C$9,COUNTIF('Resultats Reals'!$E$2:$E$33,AC18)>0),1,0))+IF(AD18='Resultats Reals'!$C$13,IF(COUNTIF('Resultats Reals'!$E$2:$E$33,AD18)>0,2,0.5),IF(OR(AD18='Resultats Reals'!$C$11,AD18='Resultats Reals'!$C$12,COUNTIF('Resultats Reals'!$E$2:$E$33,AD18)>0),1,0))+IF(AE18='Resultats Reals'!$C$16,IF(COUNTIF('Resultats Reals'!$E$2:$E$33,AE18)>0,2,0.5),IF(OR(AE18='Resultats Reals'!$C$14,AE18='Resultats Reals'!$C$15,COUNTIF('Resultats Reals'!$E$2:$E$33,AE18)>0),1,0))+IF(AF18='Resultats Reals'!$C$19,IF(COUNTIF('Resultats Reals'!$E$2:$E$33,AF18)>0,2,0.5),IF(OR(AF18='Resultats Reals'!$C$17,AF18='Resultats Reals'!$C$18,COUNTIF('Resultats Reals'!$E$2:$E$33,AF18)>0),1,0))+IF(AG18='Resultats Reals'!$C$22,IF(COUNTIF('Resultats Reals'!$E$2:$E$33,AG18)>0,2,0.5),IF(OR(AG18='Resultats Reals'!$C$20,AG18='Resultats Reals'!$C$21,COUNTIF('Resultats Reals'!$E$2:$E$33,AG18)>0),1,0))+IF(AH18='Resultats Reals'!$C$25,IF(COUNTIF('Resultats Reals'!$E$2:$E$33,AH18)>0,2,0.5),IF(OR(AH18='Resultats Reals'!$C$23,AH18='Resultats Reals'!$C$24,COUNTIF('Resultats Reals'!$E$2:$E$33,AH18)>0),1,0))+IF(AI18='Resultats Reals'!$C$28,IF(COUNTIF('Resultats Reals'!$E$2:$E$33,AI18)>0,2,0.5),IF(OR(AI18='Resultats Reals'!$C$26,AI18='Resultats Reals'!$C$27,COUNTIF('Resultats Reals'!$E$2:$E$33,AI18)>0),1,0))+IF(AJ18='Resultats Reals'!$C$31,IF(COUNTIF('Resultats Reals'!$E$2:$E$33,AJ18)>0,2,0.5),IF(OR(AJ18='Resultats Reals'!$C$29,AJ18='Resultats Reals'!$C$30,COUNTIF('Resultats Reals'!$E$2:$E$33,AJ18)>0),1,0))+IF(AK18='Resultats Reals'!$C$34,IF(COUNTIF('Resultats Reals'!$E$2:$E$33,AK18)>0,2,0.5),IF(OR(AK18='Resultats Reals'!$C$32,AK18='Resultats Reals'!$C$33,COUNTIF('Resultats Reals'!$E$2:$E$33,AK18)>0),1,0))+IF(AL18='Resultats Reals'!$C$37,IF(COUNTIF('Resultats Reals'!$E$2:$E$33,AL18)>0,2,0.5),IF(OR(AL18='Resultats Reals'!$C$35,AL18='Resultats Reals'!$C$36,COUNTIF('Resultats Reals'!$E$2:$E$33,AL18)>0),1,0)) -> 15 | BX18: =IF(COUNTIF('Resultats Reals'!$F$2:$F$17,AM18)>0,1,0)+IF(COUNTIF('Resultats Reals'!$F$2:$F$17,AN18)>0,1,0)+IF(COUNTIF('Resultats Reals'!$F$2:$F$17,AO18)>0,1,0)+IF(COUNTIF('Resultats Reals'!$F$2:$F$17,AP18)>0,1,0)+IF(COUNTIF('Resultats Reals'!$F$2:$F$17,AQ18)>0,1,0)+IF(COUNTIF('Resultats Reals'!$F$2:$F$17,AR18)>0,1,0)+IF(COUNTIF('Resultats Reals'!$F$2:$F$17,AS18)>0,1,0)+IF(COUNTIF('Resultats Reals'!$F$2:$F$17,AT18)>0,1,0)+IF(COUNTIF('Resultats Reals'!$F$2:$F$17,AU18)>0,1,0)+IF(COUNTIF('Resultats Reals'!$F$2:$F$17,AV18)>0,1,0)+IF(COUNTIF('Resultats Reals'!$F$2:$F$17,AW18)>0,1,0)+IF(COUNTIF('Resultats Reals'!$F$2:$F$17,AX18)>0,1,0)+IF(COUNTIF('Resultats Reals'!$F$2:$F$17,AY18)>0,1,0)+IF(COUNTIF('Resultats Reals'!$F$2:$F$17,AZ18)>0,1,0)+IF(COUNTIF('Resultats Reals'!$F$2:$F$17,BA18)>0,1,0)+IF(COUNTIF('Resultats Reals'!$F$2:$F$17,BB18)>0,1,0) -> 11 | BY18: =IF(COUNTIF('Resultats Reals'!$G$2:$G$9,BC18)>0,1,0)+IF(COUNTIF('Resultats Reals'!$G$2:$G$9,BD18)>0,1,0)+IF(COUNTIF('Resultats Reals'!$G$2:$G$9,BE18)>0,1,0)+IF(COUNTIF('Resultats Reals'!$G$2:$G$9,BF18)>0,1,0)+IF(COUNTIF('Resultats Reals'!$G$2:$G$9,BG18)>0,1,0)+IF(COUNTIF('Resultats Reals'!$G$2:$G$9,BH18)>0,1,0)+IF(COUNTIF('Resultats Reals'!$G$2:$G$9,BI18)>0,1,0)+IF(COUNTIF('Resultats Reals'!$G$2:$G$9,BJ18)>0,1,0) -> 4 | BZ18: =IF(COUNTIF('Resultats Reals'!$H$2:$H$5,BK18)>0,1,0)+IF(COUNTIF('Resultats Reals'!$H$2:$H$5,BL18)>0,1,0)+IF(COUNTIF('Resultats Reals'!$H$2:$H$5,BM18)>0,1,0)+IF(COUNTIF('Resultats Reals'!$H$2:$H$5,BN18)>0,1,0) -> 2 | CA18: =IF(COUNTIF('Resultats Reals'!$I$2:$I$3,BO18)>0,3,0)+IF(COUNTIF('Resultats Reals'!$I$2:$I$3,BP18)>0,3,0) -> 0 | CB18: =IF(BQ18='Resultats Reals'!$J$2,5,0) -> 0 | CC18: =IF(BS18='Resultats Reals'!$K$2,5,0) -> 0 | CD18: =IFERROR(VLOOKUP(BT18,'Resultats Reals'!$N$2:$O$100,2,FALSE),0) -> 6 | CE18: =IF(BR18='Resultats Reals'!$L$2,5,0) -> 0 | CF18: =SUM(BU18:CE18) -> 73
A19: Tamara Gomez | B19: Manteniment | C19: Mèxic | D19: Suïssa | E19: Brasil | F19: Turquia | G19: Alemanya | H19: Països Baixos | I19: Bèlgica | J19: Espanya | K19: França | L19: Argentina | M19: Portugal | N19: Anglaterra | O19: Corea del Sud | P19: Canadà | Q19: Marroc | R19: Estats Units | S19: Equador | T19: Suècia | U19: Egipte | V19: Uruguai | W19: Noruega | X19: Algèria | Y19: Colòmbia | Z19: Croàcia | AA19: República Txeca | AB19: Bòsnia i Hercegovina | AC19: Escòcia | AD19: Paraguai | AE19: Costa d'Ivori | AF19: Japó | AG19: Iran | AH19: Aràbia Saudita | AI19: Senegal | AJ19: Àustria | AK19: RD Congo | AL19: Ghana | AM19: Mèxic | AN19: Suïssa | AO19: Brasil | AP19: Turquia | AQ19: Alemanya | AR19: Pasïsos Baixos | AS19: Bèlgica | AT19: Espanya | AU19: França | AV19: Argentina | AW19: Portugal | AX19: Anglaterra | AY19: Corea del Sud | AZ19: Equador | BA19: Colòmbia | BB19: Estats Units | BC19: França | BD19: Països Baixos | BE19: Brasil | BF19: Anglaterra | BG19: Turquia | BH19: Espanya | BI19: Argentina | BJ19: Portugal | BK19: França | BL19: Brasil | BM19: Espanya | BN19: Portugal | BO19: Espanya | BP19: França | BQ19: Espanya | BR19: 2026-01-02 | BS19: Lamine Yamal | BT19: Kylian Mbappé | BU19: =IF(C19='Resultats Reals'!$C$2,2,IF(OR(C19='Resultats Reals'!$C$3,COUNTIF('Resultats Reals'!$E$2:$E$33,C19)>0),1,0))+IF(D19='Resultats Reals'!$C$5,2,IF(OR(D19='Resultats Reals'!$C$6,COUNTIF('Resultats Reals'!$E$2:$E$33,D19)>0),1,0))+IF(E19='Resultats Reals'!$C$8,2,IF(OR(E19='Resultats Reals'!$C$9,COUNTIF('Resultats Reals'!$E$2:$E$33,E19)>0),1,0))+IF(F19='Resultats Reals'!$C$11,2,IF(OR(F19='Resultats Reals'!$C$12,COUNTIF('Resultats Reals'!$E$2:$E$33,F19)>0),1,0))+IF(G19='Resultats Reals'!$C$14,2,IF(OR(G19='Resultats Reals'!$C$15,COUNTIF('Resultats Reals'!$E$2:$E$33,G19)>0),1,0))+IF(H19='Resultats Reals'!$C$17,2,IF(OR(H19='Resultats Reals'!$C$18,COUNTIF('Resultats Reals'!$E$2:$E$33,H19)>0),1,0))+IF(I19='Resultats Reals'!$C$20,2,IF(OR(I19='Resultats Reals'!$C$21,COUNTIF('Resultats Reals'!$E$2:$E$33,I19)>0),1,0))+IF(J19='Resultats Reals'!$C$23,2,IF(OR(J19='Resultats Reals'!$C$24,COUNTIF('Resultats Reals'!$E$2:$E$33,J19)>0),1,0))+IF(K19='Resultats Reals'!$C$26,2,IF(OR(K19='Resultats Reals'!$C$27,COUNTIF('Resultats Reals'!$E$2:$E$33,K19)>0),1,0))+IF(L19='Resultats Reals'!$C$29,2,IF(OR(L19='Resultats Reals'!$C$30,COUNTIF('Resultats Reals'!$E$2:$E$33,L19)>0),1,0))+IF(M19='Resultats Reals'!$C$32,2,IF(OR(M19='Resultats Reals'!$C$33,COUNTIF('Resultats Reals'!$E$2:$E$33,M19)>0),1,0))+IF(N19='Resultats Reals'!$C$35,2,IF(OR(N19='Resultats Reals'!$C$36,COUNTIF('Resultats Reals'!$E$2:$E$33,N19)>0),1,0)) -> 21 | BV19: =IF(O19='Resultats Reals'!$C$3,2,IF(OR(O19='Resultats Reals'!$C$2,COUNTIF('Resultats Reals'!$E$2:$E$33,O19)>0),1,0))+IF(P19='Resultats Reals'!$C$6,2,IF(OR(P19='Resultats Reals'!$C$5,COUNTIF('Resultats Reals'!$E$2:$E$33,P19)>0),1,0))+IF(Q19='Resultats Reals'!$C$9,2,IF(OR(Q19='Resultats Reals'!$C$8,COUNTIF('Resultats Reals'!$E$2:$E$33,Q19)>0),1,0))+IF(R19='Resultats Reals'!$C$12,2,IF(OR(R19='Resultats Reals'!$C$11,COUNTIF('Resultats Reals'!$E$2:$E$33,R19)>0),1,0))+IF(S19='Resultats Reals'!$C$15,2,IF(OR(S19='Resultats Reals'!$C$14,COUNTIF('Resultats Reals'!$E$2:$E$33,S19)>0),1,0))+IF(T19='Resultats Reals'!$C$18,2,IF(OR(T19='Resultats Reals'!$C$17,COUNTIF('Resultats Reals'!$E$2:$E$33,T19)>0),1,0))+IF(U19='Resultats Reals'!$C$21,2,IF(OR(U19='Resultats Reals'!$C$20,COUNTIF('Resultats Reals'!$E$2:$E$33,U19)>0),1,0))+IF(V19='Resultats Reals'!$C$24,2,IF(OR(V19='Resultats Reals'!$C$23,COUNTIF('Resultats Reals'!$E$2:$E$33,V19)>0),1,0))+IF(W19='Resultats Reals'!$C$27,2,IF(OR(W19='Resultats Reals'!$C$26,COUNTIF('Resultats Reals'!$E$2:$E$33,W19)>0),1,0))+IF(X19='Resultats Reals'!$C$30,2,IF(OR(X19='Resultats Reals'!$C$29,COUNTIF('Resultats Reals'!$E$2:$E$33,X19)>0),1,0))+IF(Y19='Resultats Reals'!$C$33,2,IF(OR(Y19='Resultats Reals'!$C$32,COUNTIF('Resultats Reals'!$E$2:$E$33,Y19)>0),1,0))+IF(Z19='Resultats Reals'!$C$36,2,IF(OR(Z19='Resultats Reals'!$C$35,COUNTIF('Resultats Reals'!$E$2:$E$33,Z19)>0),1,0)) -> 15 | BW19: =IF(AA19='Resultats Reals'!$C$4,IF(COUNTIF('Resultats Reals'!$E$2:$E$33,AA19)>0,2,0.5),IF(OR(AA19='Resultats Reals'!$C$2,AA19='Resultats Reals'!$C$3,COUNTIF('Resultats Reals'!$E$2:$E$33,AA19)>0),1,0))+IF(AB19='Resultats Reals'!$C$7,IF(COUNTIF('Resultats Reals'!$E$2:$E$33,AB19)>0,2,0.5),IF(OR(AB19='Resultats Reals'!$C$5,AB19='Resultats Reals'!$C$6,COUNTIF('Resultats Reals'!$E$2:$E$33,AB19)>0),1,0))+IF(AC19='Resultats Reals'!$C$10,IF(COUNTIF('Resultats Reals'!$E$2:$E$33,AC19)>0,2,0.5),IF(OR(AC19='Resultats Reals'!$C$8,AC19='Resultats Reals'!$C$9,COUNTIF('Resultats Reals'!$E$2:$E$33,AC19)>0),1,0))+IF(AD19='Resultats Reals'!$C$13,IF(COUNTIF('Resultats Reals'!$E$2:$E$33,AD19)>0,2,0.5),IF(OR(AD19='Resultats Reals'!$C$11,AD19='Resultats Reals'!$C$12,COUNTIF('Resultats Reals'!$E$2:$E$33,AD19)>0),1,0))+IF(AE19='Resultats Reals'!$C$16,IF(COUNTIF('Resultats Reals'!$E$2:$E$33,AE19)>0,2,0.5),IF(OR(AE19='Resultats Reals'!$C$14,AE19='Resultats Reals'!$C$15,COUNTIF('Resultats Reals'!$E$2:$E$33,AE19)>0),1,0))+IF(AF19='Resultats Reals'!$C$19,IF(COUNTIF('Resultats Reals'!$E$2:$E$33,AF19)>0,2,0.5),IF(OR(AF19='Resultats Reals'!$C$17,AF19='Resultats Reals'!$C$18,COUNTIF('Resultats Reals'!$E$2:$E$33,AF19)>0),1,0))+IF(AG19='Resultats Reals'!$C$22,IF(COUNTIF('Resultats Reals'!$E$2:$E$33,AG19)>0,2,0.5),IF(OR(AG19='Resultats Reals'!$C$20,AG19='Resultats Reals'!$C$21,COUNTIF('Resultats Reals'!$E$2:$E$33,AG19)>0),1,0))+IF(AH19='Resultats Reals'!$C$25,IF(COUNTIF('Resultats Reals'!$E$2:$E$33,AH19)>0,2,0.5),IF(OR(AH19='Resultats Reals'!$C$23,AH19='Resultats Reals'!$C$24,COUNTIF('Resultats Reals'!$E$2:$E$33,AH19)>0),1,0))+IF(AI19='Resultats Reals'!$C$28,IF(COUNTIF('Resultats Reals'!$E$2:$E$33,AI19)>0,2,0.5),IF(OR(AI19='Resultats Reals'!$C$26,AI19='Resultats Reals'!$C$27,COUNTIF('Resultats Reals'!$E$2:$E$33,AI19)>0),1,0))+IF(AJ19='Resultats Reals'!$C$31,IF(COUNTIF('Resultats Reals'!$E$2:$E$33,AJ19)>0,2,0.5),IF(OR(AJ19='Resultats Reals'!$C$29,AJ19='Resultats Reals'!$C$30,COUNTIF('Resultats Reals'!$E$2:$E$33,AJ19)>0),1,0))+IF(AK19='Resultats Reals'!$C$34,IF(COUNTIF('Resultats Reals'!$E$2:$E$33,AK19)>0,2,0.5),IF(OR(AK19='Resultats Reals'!$C$32,AK19='Resultats Reals'!$C$33,COUNTIF('Resultats Reals'!$E$2:$E$33,AK19)>0),1,0))+IF(AL19='Resultats Reals'!$C$37,IF(COUNTIF('Resultats Reals'!$E$2:$E$33,AL19)>0,2,0.5),IF(OR(AL19='Resultats Reals'!$C$35,AL19='Resultats Reals'!$C$36,COUNTIF('Resultats Reals'!$E$2:$E$33,AL19)>0),1,0)) -> 14 | BX19: =IF(COUNTIF('Resultats Reals'!$F$2:$F$17,AM19)>0,1,0)+IF(COUNTIF('Resultats Reals'!$F$2:$F$17,AN19)>0,1,0)+IF(COUNTIF('Resultats Reals'!$F$2:$F$17,AO19)>0,1,0)+IF(COUNTIF('Resultats Reals'!$F$2:$F$17,AP19)>0,1,0)+IF(COUNTIF('Resultats Reals'!$F$2:$F$17,AQ19)>0,1,0)+IF(COUNTIF('Resultats Reals'!$F$2:$F$17,AR19)>0,1,0)+IF(COUNTIF('Resultats Reals'!$F$2:$F$17,AS19)>0,1,0)+IF(COUNTIF('Resultats Reals'!$F$2:$F$17,AT19)>0,1,0)+IF(COUNTIF('Resultats Reals'!$F$2:$F$17,AU19)>0,1,0)+IF(COUNTIF('Resultats Reals'!$F$2:$F$17,AV19)>0,1,0)+IF(COUNTIF('Resultats Reals'!$F$2:$F$17,AW19)>0,1,0)+IF(COUNTIF('Resultats Reals'!$F$2:$F$17,AX19)>0,1,0)+IF(COUNTIF('Resultats Reals'!$F$2:$F$17,AY19)>0,1,0)+IF(COUNTIF('Resultats Reals'!$F$2:$F$17,AZ19)>0,1,0)+IF(COUNTIF('Resultats Reals'!$F$2:$F$17,BA19)>0,1,0)+IF(COUNTIF('Resultats Reals'!$F$2:$F$17,BB19)>0,1,0) -> 11 | BY19: =IF(COUNTIF('Resultats Reals'!$G$2:$G$9,BC19)>0,1,0)+IF(COUNTIF('Resultats Reals'!$G$2:$G$9,BD19)>0,1,0)+IF(COUNTIF('Resultats Reals'!$G$2:$G$9,BE19)>0,1,0)+IF(COUNTIF('Resultats Reals'!$G$2:$G$9,BF19)>0,1,0)+IF(COUNTIF('Resultats Reals'!$G$2:$G$9,BG19)>0,1,0)+IF(COUNTIF('Resultats Reals'!$G$2:$G$9,BH19)>0,1,0)+IF(COUNTIF('Resultats Reals'!$G$2:$G$9,BI19)>0,1,0)+IF(COUNTIF('Resultats Reals'!$G$2:$G$9,BJ19)>0,1,0) -> 4 | BZ19: =IF(COUNTIF('Resultats Reals'!$H$2:$H$5,BK19)>0,1,0)+IF(COUNTIF('Resultats Reals'!$H$2:$H$5,BL19)>0,1,0)+IF(COUNTIF('Resultats Reals'!$H$2:$H$5,BM19)>0,1,0)+IF(COUNTIF('Resultats Reals'!$H$2:$H$5,BN19)>0,1,0) -> 2 | CA19: =IF(COUNTIF('Resultats Reals'!$I$2:$I$3,BO19)>0,3,0)+IF(COUNTIF('Resultats Reals'!$I$2:$I$3,BP19)>0,3,0) -> 0 | CB19: =IF(BQ19='Resultats Reals'!$J$2,5,0) -> 0 | CC19: =IF(BS19='Resultats Reals'!$K$2,5,0) -> 0 | CD19: =IFERROR(VLOOKUP(BT19,'Resultats Reals'!$N$2:$O$100,2,FALSE),0) -> 8 | CE19: =IF(BR19='Resultats Reals'!$L$2,5,0) -> 0 | CF19: =SUM(BU19:CE19) -> 75
A20: Maria Costa | B20: Manteniment | C20: República Txeca | D20: Suïssa | E20: Brasil | F20: Estats Units | G20: Alemanya | H20: Japó | I20: Bèlgica | J20: Espanya | K20: França | L20: Argentina | M20: Portugal | N20: Anglaterra | O20: Mèxic | P20: Canadà | Q20: Marroc | R20: Turquia | S20: Equador | T20: Països Baixos | U20: Egipte | V20: Uruguai | W20: Noruega | X20: Àustria | Y20: Colòmbia | Z20: Croàcia | AA20: Corea del Sud | AB20: Bòsnia i Hercegovina | AC20: Escòcia | AD20: Paraguai | AE20: Costa d'Ivori | AF20: Suècia | AG20: Iran | AH20: Cap Verd | AI20: Senegal | AJ20: Algèria | AK20: RD Congo | AL20: Ghana | AM20: Alemanya | AN20: França | AO20: Mèxic | AP20: Marroc | AQ20: Croàcia | AR20: Espanya | AS20: Suècia | AT20: Bèlgica | AU20: Brasil | AV20: Noruega | AW20: República Txeca | AX20: Anglaterra | AY20: Argentina | AZ20: Turquia | BA20: Suïssa | BB20: Portugal | BC20: França | BD20: Marroc | BE20: Espanya | BF20: Bèlgica | BG20: Brasil | BH20: Anglaterra | BI20: Argentina | BJ20: Portugal | BK20: França | BL20: Espanya | BM20: Anglaterra | BN20: Argentina | BO20: França | BP20: Anglaterra | BQ20: Anglaterra | BS20: Kylian Mbappé | BT20: Harry Kane | BU20: =IF(C20='Resultats Reals'!$C$2,2,IF(OR(C20='Resultats Reals'!$C$3,COUNTIF('Resultats Reals'!$E$2:$E$33,C20)>0),1,0))+IF(D20='Resultats Reals'!$C$5,2,IF(OR(D20='Resultats Reals'!$C$6,COUNTIF('Resultats Reals'!$E$2:$E$33,D20)>0),1,0))+IF(E20='Resultats Reals'!$C$8,2,IF(OR(E20='Resultats Reals'!$C$9,COUNTIF('Resultats Reals'!$E$2:$E$33,E20)>0),1,0))+IF(F20='Resultats Reals'!$C$11,2,IF(OR(F20='Resultats Reals'!$C$12,COUNTIF('Resultats Reals'!$E$2:$E$33,F20)>0),1,0))+IF(G20='Resultats Reals'!$C$14,2,IF(OR(G20='Resultats Reals'!$C$15,COUNTIF('Resultats Reals'!$E$2:$E$33,G20)>0),1,0))+IF(H20='Resultats Reals'!$C$17,2,IF(OR(H20='Resultats Reals'!$C$18,COUNTIF('Resultats Reals'!$E$2:$E$33,H20)>0),1,0))+IF(I20='Resultats Reals'!$C$20,2,IF(OR(I20='Resultats Reals'!$C$21,COUNTIF('Resultats Reals'!$E$2:$E$33,I20)>0),1,0))+IF(J20='Resultats Reals'!$C$23,2,IF(OR(J20='Resultats Reals'!$C$24,COUNTIF('Resultats Reals'!$E$2:$E$33,J20)>0),1,0))+IF(K20='Resultats Reals'!$C$26,2,IF(OR(K20='Resultats Reals'!$C$27,COUNTIF('Resultats Reals'!$E$2:$E$33,K20)>0),1,0))+IF(L20='Resultats Reals'!$C$29,2,IF(OR(L20='Resultats Reals'!$C$30,COUNTIF('Resultats Reals'!$E$2:$E$33,L20)>0),1,0))+IF(M20='Resultats Reals'!$C$32,2,IF(OR(M20='Resultats Reals'!$C$33,COUNTIF('Resultats Reals'!$E$2:$E$33,M20)>0),1,0))+IF(N20='Resultats Reals'!$C$35,2,IF(OR(N20='Resultats Reals'!$C$36,COUNTIF('Resultats Reals'!$E$2:$E$33,N20)>0),1,0)) -> 20 | BV20: =IF(O20='Resultats Reals'!$C$3,2,IF(OR(O20='Resultats Reals'!$C$2,COUNTIF('Resultats Reals'!$E$2:$E$33,O20)>0),1,0))+IF(P20='Resultats Reals'!$C$6,2,IF(OR(P20='Resultats Reals'!$C$5,COUNTIF('Resultats Reals'!$E$2:$E$33,P20)>0),1,0))+IF(Q20='Resultats Reals'!$C$9,2,IF(OR(Q20='Resultats Reals'!$C$8,COUNTIF('Resultats Reals'!$E$2:$E$33,Q20)>0),1,0))+IF(R20='Resultats Reals'!$C$12,2,IF(OR(R20='Resultats Reals'!$C$11,COUNTIF('Resultats Reals'!$E$2:$E$33,R20)>0),1,0))+IF(S20='Resultats Reals'!$C$15,2,IF(OR(S20='Resultats Reals'!$C$14,COUNTIF('Resultats Reals'!$E$2:$E$33,S20)>0),1,0))+IF(T20='Resultats Reals'!$C$18,2,IF(OR(T20='Resultats Reals'!$C$17,COUNTIF('Resultats Reals'!$E$2:$E$33,T20)>0),1,0))+IF(U20='Resultats Reals'!$C$21,2,IF(OR(U20='Resultats Reals'!$C$20,COUNTIF('Resultats Reals'!$E$2:$E$33,U20)>0),1,0))+IF(V20='Resultats Reals'!$C$24,2,IF(OR(V20='Resultats Reals'!$C$23,COUNTIF('Resultats Reals'!$E$2:$E$33,V20)>0),1,0))+IF(W20='Resultats Reals'!$C$27,2,IF(OR(W20='Resultats Reals'!$C$26,COUNTIF('Resultats Reals'!$E$2:$E$33,W20)>0),1,0))+IF(X20='Resultats Reals'!$C$30,2,IF(OR(X20='Resultats Reals'!$C$29,COUNTIF('Resultats Reals'!$E$2:$E$33,X20)>0),1,0))+IF(Y20='Resultats Reals'!$C$33,2,IF(OR(Y20='Resultats Reals'!$C$32,COUNTIF('Resultats Reals'!$E$2:$E$33,Y20)>0),1,0))+IF(Z20='Resultats Reals'!$C$36,2,IF(OR(Z20='Resultats Reals'!$C$35,COUNTIF('Resultats Reals'!$E$2:$E$33,Z20)>0),1,0)) -> 16 | BW20: =IF(AA20='Resultats Reals'!$C$4,IF(COUNTIF('Resultats Reals'!$E$2:$E$33,AA20)>0,2,0.5),IF(OR(AA20='Resultats Reals'!$C$2,AA20='Resultats Reals'!$C$3,COUNTIF('Resultats Reals'!$E$2:$E$33,AA20)>0),1,0))+IF(AB20='Resultats Reals'!$C$7,IF(COUNTIF('Resultats Reals'!$E$2:$E$33,AB20)>0,2,0.5),IF(OR(AB20='Resultats Reals'!$C$5,AB20='Resultats Reals'!$C$6,COUNTIF('Resultats Reals'!$E$2:$E$33,AB20)>0),1,0))+IF(AC20='Resultats Reals'!$C$10,IF(COUNTIF('Resultats Reals'!$E$2:$E$33,AC20)>0,2,0.5),IF(OR(AC20='Resultats Reals'!$C$8,AC20='Resultats Reals'!$C$9,COUNTIF('Resultats Reals'!$E$2:$E$33,AC20)>0),1,0))+IF(AD20='Resultats Reals'!$C$13,IF(COUNTIF('Resultats Reals'!$E$2:$E$33,AD20)>0,2,0.5),IF(OR(AD20='Resultats Reals'!$C$11,AD20='Resultats Reals'!$C$12,COUNTIF('Resultats Reals'!$E$2:$E$33,AD20)>0),1,0))+IF(AE20='Resultats Reals'!$C$16,IF(COUNTIF('Resultats Reals'!$E$2:$E$33,AE20)>0,2,0.5),IF(OR(AE20='Resultats Reals'!$C$14,AE20='Resultats Reals'!$C$15,COUNTIF('Resultats Reals'!$E$2:$E$33,AE20)>0),1,0))+IF(AF20='Resultats Reals'!$C$19,IF(COUNTIF('Resultats Reals'!$E$2:$E$33,AF20)>0,2,0.5),IF(OR(AF20='Resultats Reals'!$C$17,AF20='Resultats Reals'!$C$18,COUNTIF('Resultats Reals'!$E$2:$E$33,AF20)>0),1,0))+IF(AG20='Resultats Reals'!$C$22,IF(COUNTIF('Resultats Reals'!$E$2:$E$33,AG20)>0,2,0.5),IF(OR(AG20='Resultats Reals'!$C$20,AG20='Resultats Reals'!$C$21,COUNTIF('Resultats Reals'!$E$2:$E$33,AG20)>0),1,0))+IF(AH20='Resultats Reals'!$C$25,IF(COUNTIF('Resultats Reals'!$E$2:$E$33,AH20)>0,2,0.5),IF(OR(AH20='Resultats Reals'!$C$23,AH20='Resultats Reals'!$C$24,COUNTIF('Resultats Reals'!$E$2:$E$33,AH20)>0),1,0))+IF(AI20='Resultats Reals'!$C$28,IF(COUNTIF('Resultats Reals'!$E$2:$E$33,AI20)>0,2,0.5),IF(OR(AI20='Resultats Reals'!$C$26,AI20='Resultats Reals'!$C$27,COUNTIF('Resultats Reals'!$E$2:$E$33,AI20)>0),1,0))+IF(AJ20='Resultats Reals'!$C$31,IF(COUNTIF('Resultats Reals'!$E$2:$E$33,AJ20)>0,2,0.5),IF(OR(AJ20='Resultats Reals'!$C$29,AJ20='Resultats Reals'!$C$30,COUNTIF('Resultats Reals'!$E$2:$E$33,AJ20)>0),1,0))+IF(AK20='Resultats Reals'!$C$34,IF(COUNTIF('Resultats Reals'!$E$2:$E$33,AK20)>0,2,0.5),IF(OR(AK20='Resultats Reals'!$C$32,AK20='Resultats Reals'!$C$33,COUNTIF('Resultats Reals'!$E$2:$E$33,AK20)>0),1,0))+IF(AL20='Resultats Reals'!$C$37,IF(COUNTIF('Resultats Reals'!$E$2:$E$33,AL20)>0,2,0.5),IF(OR(AL20='Resultats Reals'!$C$35,AL20='Resultats Reals'!$C$36,COUNTIF('Resultats Reals'!$E$2:$E$33,AL20)>0),1,0)) -> 17.5 | BX20: =IF(COUNTIF('Resultats Reals'!$F$2:$F$17,AM20)>0,1,0)+IF(COUNTIF('Resultats Reals'!$F$2:$F$17,AN20)>0,1,0)+IF(COUNTIF('Resultats Reals'!$F$2:$F$17,AO20)>0,1,0)+IF(COUNTIF('Resultats Reals'!$F$2:$F$17,AP20)>0,1,0)+IF(COUNTIF('Resultats Reals'!$F$2:$F$17,AQ20)>0,1,0)+IF(COUNTIF('Resultats Reals'!$F$2:$F$17,AR20)>0,1,0)+IF(COUNTIF('Resultats Reals'!$F$2:$F$17,AS20)>0,1,0)+IF(COUNTIF('Resultats Reals'!$F$2:$F$17,AT20)>0,1,0)+IF(COUNTIF('Resultats Reals'!$F$2:$F$17,AU20)>0,1,0)+IF(COUNTIF('Resultats Reals'!$F$2:$F$17,AV20)>0,1,0)+IF(COUNTIF('Resultats Reals'!$F$2:$F$17,AW20)>0,1,0)+IF(COUNTIF('Resultats Reals'!$F$2:$F$17,AX20)>0,1,0)+IF(COUNTIF('Resultats Reals'!$F$2:$F$17,AY20)>0,1,0)+IF(COUNTIF('Resultats Reals'!$F$2:$F$17,AZ20)>0,1,0)+IF(COUNTIF('Resultats Reals'!$F$2:$F$17,BA20)>0,1,0)+IF(COUNTIF('Resultats Reals'!$F$2:$F$17,BB20)>0,1,0) -> 11 | BY20: =IF(COUNTIF('Resultats Reals'!$G$2:$G$9,BC20)>0,1,0)+IF(COUNTIF('Resultats Reals'!$G$2:$G$9,BD20)>0,1,0)+IF(COUNTIF('Resultats Reals'!$G$2:$G$9,BE20)>0,1,0)+IF(COUNTIF('Resultats Reals'!$G$2:$G$9,BF20)>0,1,0)+IF(COUNTIF('Resultats Reals'!$G$2:$G$9,BG20)>0,1,0)+IF(COUNTIF('Resultats Reals'!$G$2:$G$9,BH20)>0,1,0)+IF(COUNTIF('Resultats Reals'!$G$2:$G$9,BI20)>0,1,0)+IF(COUNTIF('Resultats Reals'!$G$2:$G$9,BJ20)>0,1,0) -> 6 | BZ20: =IF(COUNTIF('Resultats Reals'!$H$2:$H$5,BK20)>0,1,0)+IF(COUNTIF('Resultats Reals'!$H$2:$H$5,BL20)>0,1,0)+IF(COUNTIF('Resultats Reals'!$H$2:$H$5,BM20)>0,1,0)+IF(COUNTIF('Resultats Reals'!$H$2:$H$5,BN20)>0,1,0) -> 4 | CA20: =IF(COUNTIF('Resultats Reals'!$I$2:$I$3,BO20)>0,3,0)+IF(COUNTIF('Resultats Reals'!$I$2:$I$3,BP20)>0,3,0) -> 0 | CB20: =IF(BQ20='Resultats Reals'!$J$2,5,0) -> 0 | CC20: =IF(BS20='Resultats Reals'!$K$2,5,0) -> 0 | CD20: =IFERROR(VLOOKUP(BT20,'Resultats Reals'!$N$2:$O$100,2,FALSE),0) -> 6 | CE20: =IF(BR20='Resultats Reals'!$L$2,5,0) -> 0 | CF20: =SUM(BU20:CE20) -> 80.5
A21: David Rodriguez | B21: Manteniment | C21: Mèxic | D21: Suïssa | E21: Brasil | F21: Estats Units | G21: Alemanya | H21: Països Baixos | I21: Bèlgica | J21: Espanya | K21: França | L21: Argentina | M21: Portugal | N21: Anglaterra | O21: Corea del Sud | P21: Canadà | Q21: Marroc | R21: Turquia | S21: Equador | T21: Suècia | U21: Egipte | V21: Uruguai | W21: Senegal | X21: Àustria | Y21: Colòmbia | Z21: Croàcia | AA21: República Txeca | AB21: Bòsnia i Hercegovina | AC21: Escòcia | AD21: Paraguai | AE21: Costa d'Ivori | AF21: Japó | AG21: Iran | AH21: Aràbia Saudita | AI21: Noruega | AJ21: Algèria | AK21: Uzbekistan | AL21: Ghana | AM21: Canadà | AN21: Brasil | AO21: Alemanya | AP21: Països Baixos | AQ21: Equador | AR21: França | AS21: Mèxic | AT21: Anglaterra | AU21: Bèlgica | AV21: Estats Units | AW21: Espanya | AX21: Croàcia | AY21: Suïssa | AZ21: Turquia | BA21: Argentina | BB21: Portugal | BC21: Brasil | BD21: Alemanya | BE21: França | BF21: Anglaterra | BG21: Bèlgica | BH21: Espanya | BI21: Suïssa | BJ21: Argentina | BK21: Alemanya | BL21: Anglaterra | BM21: Espanya | BN21: Argentina | BO21: Anglaterra | BP21: Espanya | BQ21: Espanya | BS21: Lamine Yamal | BT21: Mikel Oyarzabal | BU21: =IF(C21='Resultats Reals'!$C$2,2,IF(OR(C21='Resultats Reals'!$C$3,COUNTIF('Resultats Reals'!$E$2:$E$33,C21)>0),1,0))+IF(D21='Resultats Reals'!$C$5,2,IF(OR(D21='Resultats Reals'!$C$6,COUNTIF('Resultats Reals'!$E$2:$E$33,D21)>0),1,0))+IF(E21='Resultats Reals'!$C$8,2,IF(OR(E21='Resultats Reals'!$C$9,COUNTIF('Resultats Reals'!$E$2:$E$33,E21)>0),1,0))+IF(F21='Resultats Reals'!$C$11,2,IF(OR(F21='Resultats Reals'!$C$12,COUNTIF('Resultats Reals'!$E$2:$E$33,F21)>0),1,0))+IF(G21='Resultats Reals'!$C$14,2,IF(OR(G21='Resultats Reals'!$C$15,COUNTIF('Resultats Reals'!$E$2:$E$33,G21)>0),1,0))+IF(H21='Resultats Reals'!$C$17,2,IF(OR(H21='Resultats Reals'!$C$18,COUNTIF('Resultats Reals'!$E$2:$E$33,H21)>0),1,0))+IF(I21='Resultats Reals'!$C$20,2,IF(OR(I21='Resultats Reals'!$C$21,COUNTIF('Resultats Reals'!$E$2:$E$33,I21)>0),1,0))+IF(J21='Resultats Reals'!$C$23,2,IF(OR(J21='Resultats Reals'!$C$24,COUNTIF('Resultats Reals'!$E$2:$E$33,J21)>0),1,0))+IF(K21='Resultats Reals'!$C$26,2,IF(OR(K21='Resultats Reals'!$C$27,COUNTIF('Resultats Reals'!$E$2:$E$33,K21)>0),1,0))+IF(L21='Resultats Reals'!$C$29,2,IF(OR(L21='Resultats Reals'!$C$30,COUNTIF('Resultats Reals'!$E$2:$E$33,L21)>0),1,0))+IF(M21='Resultats Reals'!$C$32,2,IF(OR(M21='Resultats Reals'!$C$33,COUNTIF('Resultats Reals'!$E$2:$E$33,M21)>0),1,0))+IF(N21='Resultats Reals'!$C$35,2,IF(OR(N21='Resultats Reals'!$C$36,COUNTIF('Resultats Reals'!$E$2:$E$33,N21)>0),1,0)) -> 23 | BV21: =IF(O21='Resultats Reals'!$C$3,2,IF(OR(O21='Resultats Reals'!$C$2,COUNTIF('Resultats Reals'!$E$2:$E$33,O21)>0),1,0))+IF(P21='Resultats Reals'!$C$6,2,IF(OR(P21='Resultats Reals'!$C$5,COUNTIF('Resultats Reals'!$E$2:$E$33,P21)>0),1,0))+IF(Q21='Resultats Reals'!$C$9,2,IF(OR(Q21='Resultats Reals'!$C$8,COUNTIF('Resultats Reals'!$E$2:$E$33,Q21)>0),1,0))+IF(R21='Resultats Reals'!$C$12,2,IF(OR(R21='Resultats Reals'!$C$11,COUNTIF('Resultats Reals'!$E$2:$E$33,R21)>0),1,0))+IF(S21='Resultats Reals'!$C$15,2,IF(OR(S21='Resultats Reals'!$C$14,COUNTIF('Resultats Reals'!$E$2:$E$33,S21)>0),1,0))+IF(T21='Resultats Reals'!$C$18,2,IF(OR(T21='Resultats Reals'!$C$17,COUNTIF('Resultats Reals'!$E$2:$E$33,T21)>0),1,0))+IF(U21='Resultats Reals'!$C$21,2,IF(OR(U21='Resultats Reals'!$C$20,COUNTIF('Resultats Reals'!$E$2:$E$33,U21)>0),1,0))+IF(V21='Resultats Reals'!$C$24,2,IF(OR(V21='Resultats Reals'!$C$23,COUNTIF('Resultats Reals'!$E$2:$E$33,V21)>0),1,0))+IF(W21='Resultats Reals'!$C$27,2,IF(OR(W21='Resultats Reals'!$C$26,COUNTIF('Resultats Reals'!$E$2:$E$33,W21)>0),1,0))+IF(X21='Resultats Reals'!$C$30,2,IF(OR(X21='Resultats Reals'!$C$29,COUNTIF('Resultats Reals'!$E$2:$E$33,X21)>0),1,0))+IF(Y21='Resultats Reals'!$C$33,2,IF(OR(Y21='Resultats Reals'!$C$32,COUNTIF('Resultats Reals'!$E$2:$E$33,Y21)>0),1,0))+IF(Z21='Resultats Reals'!$C$36,2,IF(OR(Z21='Resultats Reals'!$C$35,COUNTIF('Resultats Reals'!$E$2:$E$33,Z21)>0),1,0)) -> 14 | BW21: =IF(AA21='Resultats Reals'!$C$4,IF(COUNTIF('Resultats Reals'!$E$2:$E$33,AA21)>0,2,0.5),IF(OR(AA21='Resultats Reals'!$C$2,AA21='Resultats Reals'!$C$3,COUNTIF('Resultats Reals'!$E$2:$E$33,AA21)>0),1,0))+IF(AB21='Resultats Reals'!$C$7,IF(COUNTIF('Resultats Reals'!$E$2:$E$33,AB21)>0,2,0.5),IF(OR(AB21='Resultats Reals'!$C$5,AB21='Resultats Reals'!$C$6,COUNTIF('Resultats Reals'!$E$2:$E$33,AB21)>0),1,0))+IF(AC21='Resultats Reals'!$C$10,IF(COUNTIF('Resultats Reals'!$E$2:$E$33,AC21)>0,2,0.5),IF(OR(AC21='Resultats Reals'!$C$8,AC21='Resultats Reals'!$C$9,COUNTIF('Resultats Reals'!$E$2:$E$33,AC21)>0),1,0))+IF(AD21='Resultats Reals'!$C$13,IF(COUNTIF('Resultats Reals'!$E$2:$E$33,AD21)>0,2,0.5),IF(OR(AD21='Resultats Reals'!$C$11,AD21='Resultats Reals'!$C$12,COUNTIF('Resultats Reals'!$E$2:$E$33,AD21)>0),1,0))+IF(AE21='Resultats Reals'!$C$16,IF(COUNTIF('Resultats Reals'!$E$2:$E$33,AE21)>0,2,0.5),IF(OR(AE21='Resultats Reals'!$C$14,AE21='Resultats Reals'!$C$15,COUNTIF('Resultats Reals'!$E$2:$E$33,AE21)>0),1,0))+IF(AF21='Resultats Reals'!$C$19,IF(COUNTIF('Resultats Reals'!$E$2:$E$33,AF21)>0,2,0.5),IF(OR(AF21='Resultats Reals'!$C$17,AF21='Resultats Reals'!$C$18,COUNTIF('Resultats Reals'!$E$2:$E$33,AF21)>0),1,0))+IF(AG21='Resultats Reals'!$C$22,IF(COUNTIF('Resultats Reals'!$E$2:$E$33,AG21)>0,2,0.5),IF(OR(AG21='Resultats Reals'!$C$20,AG21='Resultats Reals'!$C$21,COUNTIF('Resultats Reals'!$E$2:$E$33,AG21)>0),1,0))+IF(AH21='Resultats Reals'!$C$25,IF(COUNTIF('Resultats Reals'!$E$2:$E$33,AH21)>0,2,0.5),IF(OR(AH21='Resultats Reals'!$C$23,AH21='Resultats Reals'!$C$24,COUNTIF('Resultats Reals'!$E$2:$E$33,AH21)>0),1,0))+IF(AI21='Resultats Reals'!$C$28,IF(COUNTIF('Resultats Reals'!$E$2:$E$33,AI21)>0,2,0.5),IF(OR(AI21='Resultats Reals'!$C$26,AI21='Resultats Reals'!$C$27,COUNTIF('Resultats Reals'!$E$2:$E$33,AI21)>0),1,0))+IF(AJ21='Resultats Reals'!$C$31,IF(COUNTIF('Resultats Reals'!$E$2:$E$33,AJ21)>0,2,0.5),IF(OR(AJ21='Resultats Reals'!$C$29,AJ21='Resultats Reals'!$C$30,COUNTIF('Resultats Reals'!$E$2:$E$33,AJ21)>0),1,0))+IF(AK21='Resultats Reals'!$C$34,IF(COUNTIF('Resultats Reals'!$E$2:$E$33,AK21)>0,2,0.5),IF(OR(AK21='Resultats Reals'!$C$32,AK21='Resultats Reals'!$C$33,COUNTIF('Resultats Reals'!$E$2:$E$33,AK21)>0),1,0))+IF(AL21='Resultats Reals'!$C$37,IF(COUNTIF('Resultats Reals'!$E$2:$E$33,AL21)>0,2,0.5),IF(OR(AL21='Resultats Reals'!$C$35,AL21='Resultats Reals'!$C$36,COUNTIF('Resultats Reals'!$E$2:$E$33,AL21)>0),1,0)) -> 12 | BX21: =IF(COUNTIF('Resultats Reals'!$F$2:$F$17,AM21)>0,1,0)+IF(COUNTIF('Resultats Reals'!$F$2:$F$17,AN21)>0,1,0)+IF(COUNTIF('Resultats Reals'!$F$2:$F$17,AO21)>0,1,0)+IF(COUNTIF('Resultats Reals'!$F$2:$F$17,AP21)>0,1,0)+IF(COUNTIF('Resultats Reals'!$F$2:$F$17,AQ21)>0,1,0)+IF(COUNTIF('Resultats Reals'!$F$2:$F$17,AR21)>0,1,0)+IF(COUNTIF('Resultats Reals'!$F$2:$F$17,AS21)>0,1,0)+IF(COUNTIF('Resultats Reals'!$F$2:$F$17,AT21)>0,1,0)+IF(COUNTIF('Resultats Reals'!$F$2:$F$17,AU21)>0,1,0)+IF(COUNTIF('Resultats Reals'!$F$2:$F$17,AV21)>0,1,0)+IF(COUNTIF('Resultats Reals'!$F$2:$F$17,AW21)>0,1,0)+IF(COUNTIF('Resultats Reals'!$F$2:$F$17,AX21)>0,1,0)+IF(COUNTIF('Resultats Reals'!$F$2:$F$17,AY21)>0,1,0)+IF(COUNTIF('Resultats Reals'!$F$2:$F$17,AZ21)>0,1,0)+IF(COUNTIF('Resultats Reals'!$F$2:$F$17,BA21)>0,1,0)+IF(COUNTIF('Resultats Reals'!$F$2:$F$17,BB21)>0,1,0) -> 11 | BY21: =IF(COUNTIF('Resultats Reals'!$G$2:$G$9,BC21)>0,1,0)+IF(COUNTIF('Resultats Reals'!$G$2:$G$9,BD21)>0,1,0)+IF(COUNTIF('Resultats Reals'!$G$2:$G$9,BE21)>0,1,0)+IF(COUNTIF('Resultats Reals'!$G$2:$G$9,BF21)>0,1,0)+IF(COUNTIF('Resultats Reals'!$G$2:$G$9,BG21)>0,1,0)+IF(COUNTIF('Resultats Reals'!$G$2:$G$9,BH21)>0,1,0)+IF(COUNTIF('Resultats Reals'!$G$2:$G$9,BI21)>0,1,0)+IF(COUNTIF('Resultats Reals'!$G$2:$G$9,BJ21)>0,1,0) -> 6 | BZ21: =IF(COUNTIF('Resultats Reals'!$H$2:$H$5,BK21)>0,1,0)+IF(COUNTIF('Resultats Reals'!$H$2:$H$5,BL21)>0,1,0)+IF(COUNTIF('Resultats Reals'!$H$2:$H$5,BM21)>0,1,0)+IF(COUNTIF('Resultats Reals'!$H$2:$H$5,BN21)>0,1,0) -> 3 | CA21: =IF(COUNTIF('Resultats Reals'!$I$2:$I$3,BO21)>0,3,0)+IF(COUNTIF('Resultats Reals'!$I$2:$I$3,BP21)>0,3,0) -> 0 | CB21: =IF(BQ21='Resultats Reals'!$J$2,5,0) -> 0 | CC21: =IF(BS21='Resultats Reals'!$K$2,5,0) -> 0 | CD21: =IFERROR(VLOOKUP(BT21,'Resultats Reals'!$N$2:$O$100,2,FALSE),0) -> 4 | CE21: =IF(BR21='Resultats Reals'!$L$2,5,0) -> 0 | CF21: =SUM(BU21:CE21) -> 73
A22: Vero Rodriguez | B22: Obres | C22: Mèxic | D22: Suïssa | E22: Brasil | F22: Estats Units | G22: Alemanya | H22: Països Baixos | I22: Bèlgica | J22: Espanya | K22: França | L22: Argentina | M22: Colòmbia | N22: Anglaterra | O22: República Txeca | P22: Canadà | Q22: Marroc | R22: Turquia | S22: Equador | T22: Japó | U22: Egipte | V22: Uruguai | W22: Noruega | X22: Àustria | Y22: Portugal | Z22: Croàcia | AA22: Corea del Sud | AB22: Bòsnia i Hercegovina | AC22: Escòcia | AD22: Paraguai | AE22: Costa d'Ivori | AF22: Suècia | AG22: Nova Zelanda | AH22: Aràbia Saudita | AI22: Senegal | AJ22: Algèria | AK22: RD Congo | AL22: Panamà | AM22: Brasil | AN22: Argentina | AO22: Espanya | AP22: Marroc | AQ22: Colòmbia | AR22: França | AS22: Alemanya | AT22: Portugal | AU22: Anglaterra | AV22: Països Baixos | AW22: Bèlgica | AX22: Uruguai | AY22: Japó | AZ22: Croàcia | BA22: Estats Units | BB22: Mèxic | BC22: Argentina | BD22: França | BE22: Espanya | BF22: Països Baixos | BG22: Anglaterra | BH22: Brasil | BI22: Portugal | BJ22: Uruguai | BK22: Argentina | BL22: França | BM22: Països Baixos | BN22: Espanya | BO22: Espanya | BP22: Argentina | BQ22: Espanya | BS22: Pedri | BT22: Julián Álvarez | BU22: =IF(C22='Resultats Reals'!$C$2,2,IF(OR(C22='Resultats Reals'!$C$3,COUNTIF('Resultats Reals'!$E$2:$E$33,C22)>0),1,0))+IF(D22='Resultats Reals'!$C$5,2,IF(OR(D22='Resultats Reals'!$C$6,COUNTIF('Resultats Reals'!$E$2:$E$33,D22)>0),1,0))+IF(E22='Resultats Reals'!$C$8,2,IF(OR(E22='Resultats Reals'!$C$9,COUNTIF('Resultats Reals'!$E$2:$E$33,E22)>0),1,0))+IF(F22='Resultats Reals'!$C$11,2,IF(OR(F22='Resultats Reals'!$C$12,COUNTIF('Resultats Reals'!$E$2:$E$33,F22)>0),1,0))+IF(G22='Resultats Reals'!$C$14,2,IF(OR(G22='Resultats Reals'!$C$15,COUNTIF('Resultats Reals'!$E$2:$E$33,G22)>0),1,0))+IF(H22='Resultats Reals'!$C$17,2,IF(OR(H22='Resultats Reals'!$C$18,COUNTIF('Resultats Reals'!$E$2:$E$33,H22)>0),1,0))+IF(I22='Resultats Reals'!$C$20,2,IF(OR(I22='Resultats Reals'!$C$21,COUNTIF('Resultats Reals'!$E$2:$E$33,I22)>0),1,0))+IF(J22='Resultats Reals'!$C$23,2,IF(OR(J22='Resultats Reals'!$C$24,COUNTIF('Resultats Reals'!$E$2:$E$33,J22)>0),1,0))+IF(K22='Resultats Reals'!$C$26,2,IF(OR(K22='Resultats Reals'!$C$27,COUNTIF('Resultats Reals'!$E$2:$E$33,K22)>0),1,0))+IF(L22='Resultats Reals'!$C$29,2,IF(OR(L22='Resultats Reals'!$C$30,COUNTIF('Resultats Reals'!$E$2:$E$33,L22)>0),1,0))+IF(M22='Resultats Reals'!$C$32,2,IF(OR(M22='Resultats Reals'!$C$33,COUNTIF('Resultats Reals'!$E$2:$E$33,M22)>0),1,0))+IF(N22='Resultats Reals'!$C$35,2,IF(OR(N22='Resultats Reals'!$C$36,COUNTIF('Resultats Reals'!$E$2:$E$33,N22)>0),1,0)) -> 24 | BV22: =IF(O22='Resultats Reals'!$C$3,2,IF(OR(O22='Resultats Reals'!$C$2,COUNTIF('Resultats Reals'!$E$2:$E$33,O22)>0),1,0))+IF(P22='Resultats Reals'!$C$6,2,IF(OR(P22='Resultats Reals'!$C$5,COUNTIF('Resultats Reals'!$E$2:$E$33,P22)>0),1,0))+IF(Q22='Resultats Reals'!$C$9,2,IF(OR(Q22='Resultats Reals'!$C$8,COUNTIF('Resultats Reals'!$E$2:$E$33,Q22)>0),1,0))+IF(R22='Resultats Reals'!$C$12,2,IF(OR(R22='Resultats Reals'!$C$11,COUNTIF('Resultats Reals'!$E$2:$E$33,R22)>0),1,0))+IF(S22='Resultats Reals'!$C$15,2,IF(OR(S22='Resultats Reals'!$C$14,COUNTIF('Resultats Reals'!$E$2:$E$33,S22)>0),1,0))+IF(T22='Resultats Reals'!$C$18,2,IF(OR(T22='Resultats Reals'!$C$17,COUNTIF('Resultats Reals'!$E$2:$E$33,T22)>0),1,0))+IF(U22='Resultats Reals'!$C$21,2,IF(OR(U22='Resultats Reals'!$C$20,COUNTIF('Resultats Reals'!$E$2:$E$33,U22)>0),1,0))+IF(V22='Resultats Reals'!$C$24,2,IF(OR(V22='Resultats Reals'!$C$23,COUNTIF('Resultats Reals'!$E$2:$E$33,V22)>0),1,0))+IF(W22='Resultats Reals'!$C$27,2,IF(OR(W22='Resultats Reals'!$C$26,COUNTIF('Resultats Reals'!$E$2:$E$33,W22)>0),1,0))+IF(X22='Resultats Reals'!$C$30,2,IF(OR(X22='Resultats Reals'!$C$29,COUNTIF('Resultats Reals'!$E$2:$E$33,X22)>0),1,0))+IF(Y22='Resultats Reals'!$C$33,2,IF(OR(Y22='Resultats Reals'!$C$32,COUNTIF('Resultats Reals'!$E$2:$E$33,Y22)>0),1,0))+IF(Z22='Resultats Reals'!$C$36,2,IF(OR(Z22='Resultats Reals'!$C$35,COUNTIF('Resultats Reals'!$E$2:$E$33,Z22)>0),1,0)) -> 17 | BW22: =IF(AA22='Resultats Reals'!$C$4,IF(COUNTIF('Resultats Reals'!$E$2:$E$33,AA22)>0,2,0.5),IF(OR(AA22='Resultats Reals'!$C$2,AA22='Resultats Reals'!$C$3,COUNTIF('Resultats Reals'!$E$2:$E$33,AA22)>0),1,0))+IF(AB22='Resultats Reals'!$C$7,IF(COUNTIF('Resultats Reals'!$E$2:$E$33,AB22)>0,2,0.5),IF(OR(AB22='Resultats Reals'!$C$5,AB22='Resultats Reals'!$C$6,COUNTIF('Resultats Reals'!$E$2:$E$33,AB22)>0),1,0))+IF(AC22='Resultats Reals'!$C$10,IF(COUNTIF('Resultats Reals'!$E$2:$E$33,AC22)>0,2,0.5),IF(OR(AC22='Resultats Reals'!$C$8,AC22='Resultats Reals'!$C$9,COUNTIF('Resultats Reals'!$E$2:$E$33,AC22)>0),1,0))+IF(AD22='Resultats Reals'!$C$13,IF(COUNTIF('Resultats Reals'!$E$2:$E$33,AD22)>0,2,0.5),IF(OR(AD22='Resultats Reals'!$C$11,AD22='Resultats Reals'!$C$12,COUNTIF('Resultats Reals'!$E$2:$E$33,AD22)>0),1,0))+IF(AE22='Resultats Reals'!$C$16,IF(COUNTIF('Resultats Reals'!$E$2:$E$33,AE22)>0,2,0.5),IF(OR(AE22='Resultats Reals'!$C$14,AE22='Resultats Reals'!$C$15,COUNTIF('Resultats Reals'!$E$2:$E$33,AE22)>0),1,0))+IF(AF22='Resultats Reals'!$C$19,IF(COUNTIF('Resultats Reals'!$E$2:$E$33,AF22)>0,2,0.5),IF(OR(AF22='Resultats Reals'!$C$17,AF22='Resultats Reals'!$C$18,COUNTIF('Resultats Reals'!$E$2:$E$33,AF22)>0),1,0))+IF(AG22='Resultats Reals'!$C$22,IF(COUNTIF('Resultats Reals'!$E$2:$E$33,AG22)>0,2,0.5),IF(OR(AG22='Resultats Reals'!$C$20,AG22='Resultats Reals'!$C$21,COUNTIF('Resultats Reals'!$E$2:$E$33,AG22)>0),1,0))+IF(AH22='Resultats Reals'!$C$25,IF(COUNTIF('Resultats Reals'!$E$2:$E$33,AH22)>0,2,0.5),IF(OR(AH22='Resultats Reals'!$C$23,AH22='Resultats Reals'!$C$24,COUNTIF('Resultats Reals'!$E$2:$E$33,AH22)>0),1,0))+IF(AI22='Resultats Reals'!$C$28,IF(COUNTIF('Resultats Reals'!$E$2:$E$33,AI22)>0,2,0.5),IF(OR(AI22='Resultats Reals'!$C$26,AI22='Resultats Reals'!$C$27,COUNTIF('Resultats Reals'!$E$2:$E$33,AI22)>0),1,0))+IF(AJ22='Resultats Reals'!$C$31,IF(COUNTIF('Resultats Reals'!$E$2:$E$33,AJ22)>0,2,0.5),IF(OR(AJ22='Resultats Reals'!$C$29,AJ22='Resultats Reals'!$C$30,COUNTIF('Resultats Reals'!$E$2:$E$33,AJ22)>0),1,0))+IF(AK22='Resultats Reals'!$C$34,IF(COUNTIF('Resultats Reals'!$E$2:$E$33,AK22)>0,2,0.5),IF(OR(AK22='Resultats Reals'!$C$32,AK22='Resultats Reals'!$C$33,COUNTIF('Resultats Reals'!$E$2:$E$33,AK22)>0),1,0))+IF(AL22='Resultats Reals'!$C$37,IF(COUNTIF('Resultats Reals'!$E$2:$E$33,AL22)>0,2,0.5),IF(OR(AL22='Resultats Reals'!$C$35,AL22='Resultats Reals'!$C$36,COUNTIF('Resultats Reals'!$E$2:$E$33,AL22)>0),1,0)) -> 14 | BX22: =IF(COUNTIF('Resultats Reals'!$F$2:$F$17,AM22)>0,1,0)+IF(COUNTIF('Resultats Reals'!$F$2:$F$17,AN22)>0,1,0)+IF(COUNTIF('Resultats Reals'!$F$2:$F$17,AO22)>0,1,0)+IF(COUNTIF('Resultats Reals'!$F$2:$F$17,AP22)>0,1,0)+IF(COUNTIF('Resultats Reals'!$F$2:$F$17,AQ22)>0,1,0)+IF(COUNTIF('Resultats Reals'!$F$2:$F$17,AR22)>0,1,0)+IF(COUNTIF('Resultats Reals'!$F$2:$F$17,AS22)>0,1,0)+IF(COUNTIF('Resultats Reals'!$F$2:$F$17,AT22)>0,1,0)+IF(COUNTIF('Resultats Reals'!$F$2:$F$17,AU22)>0,1,0)+IF(COUNTIF('Resultats Reals'!$F$2:$F$17,AV22)>0,1,0)+IF(COUNTIF('Resultats Reals'!$F$2:$F$17,AW22)>0,1,0)+IF(COUNTIF('Resultats Reals'!$F$2:$F$17,AX22)>0,1,0)+IF(COUNTIF('Resultats Reals'!$F$2:$F$17,AY22)>0,1,0)+IF(COUNTIF('Resultats Reals'!$F$2:$F$17,AZ22)>0,1,0)+IF(COUNTIF('Resultats Reals'!$F$2:$F$17,BA22)>0,1,0)+IF(COUNTIF('Resultats Reals'!$F$2:$F$17,BB22)>0,1,0) -> 11 | BY22: =IF(COUNTIF('Resultats Reals'!$G$2:$G$9,BC22)>0,1,0)+IF(COUNTIF('Resultats Reals'!$G$2:$G$9,BD22)>0,1,0)+IF(COUNTIF('Resultats Reals'!$G$2:$G$9,BE22)>0,1,0)+IF(COUNTIF('Resultats Reals'!$G$2:$G$9,BF22)>0,1,0)+IF(COUNTIF('Resultats Reals'!$G$2:$G$9,BG22)>0,1,0)+IF(COUNTIF('Resultats Reals'!$G$2:$G$9,BH22)>0,1,0)+IF(COUNTIF('Resultats Reals'!$G$2:$G$9,BI22)>0,1,0)+IF(COUNTIF('Resultats Reals'!$G$2:$G$9,BJ22)>0,1,0) -> 4 | BZ22: =IF(COUNTIF('Resultats Reals'!$H$2:$H$5,BK22)>0,1,0)+IF(COUNTIF('Resultats Reals'!$H$2:$H$5,BL22)>0,1,0)+IF(COUNTIF('Resultats Reals'!$H$2:$H$5,BM22)>0,1,0)+IF(COUNTIF('Resultats Reals'!$H$2:$H$5,BN22)>0,1,0) -> 3 | CA22: =IF(COUNTIF('Resultats Reals'!$I$2:$I$3,BO22)>0,3,0)+IF(COUNTIF('Resultats Reals'!$I$2:$I$3,BP22)>0,3,0) -> 0 | CB22: =IF(BQ22='Resultats Reals'!$J$2,5,0) -> 0 | CC22: =IF(BS22='Resultats Reals'!$K$2,5,0) -> 0 | CD22: =IFERROR(VLOOKUP(BT22,'Resultats Reals'!$N$2:$O$100,2,FALSE),0) -> 1 | CE22: =IF(BR22='Resultats Reals'!$L$2,5,0) -> 0 | CF22: =SUM(BU22:CE22) -> 74
A23: Sergio Mata Gonzalez | B23: Manteniment | C23: Mèxic | D23: Suïssa | E23: Brasil | F23: Turquia | G23: Alemanya | H23: Països Baixos | I23: Bèlgica | J23: Espanya | K23: França | L23: Argentina | M23: Portugal | N23: Anglaterra | O23: República Txeca | P23: Bòsnia i Hercegovina | Q23: Marroc | R23: Paraguai | S23: Equador | T23: Japó | U23: Egipte | V23: Uruguai | W23: Noruega | X23: Àustria | Y23: Colòmbia | Z23: Croàcia | AA23: Corea del Sud | AB23: Canadà | AC23: Escòcia | AD23: Estats Units | AE23: Costa d'Ivori | AF23: Suècia | AG23: Iran | AH23: Aràbia Saudita | AI23: Senegal | AJ23: Algèria | AK23: RD Congo | AL23: Ghana | AM23: Alemanya | AN23: França | AO23: República Txeca | AP23: Països Baixos | AQ23: Colòmbia | AR23: Espanya | AS23: Turquia | AT23: Bèlgica | AU23: Brasil | AV23: Noruega | AW23: Escòcia | AX23: Anglaterra | AY23: Argentina | AZ23: Egipte | BA23: Suïssa | BB23: Portugal | BC23: França | BD23: Països Baixos | BE23: Espanya | BF23: Turquia | BG23: Brasil | BH23: Anglaterra | BI23: Argentina | BJ23: Portugal | BK23: França | BL23: Espanya | BM23: Anglaterra | BN23: Portugal | BO23: Espanya | BP23: Portugal | BQ23: Espanya | BR23: 2026-01-03 | BS23: Lamine Yamal | BT23: Mikel Oyarzabal | BU23: =IF(C23='Resultats Reals'!$C$2,2,IF(OR(C23='Resultats Reals'!$C$3,COUNTIF('Resultats Reals'!$E$2:$E$33,C23)>0),1,0))+IF(D23='Resultats Reals'!$C$5,2,IF(OR(D23='Resultats Reals'!$C$6,COUNTIF('Resultats Reals'!$E$2:$E$33,D23)>0),1,0))+IF(E23='Resultats Reals'!$C$8,2,IF(OR(E23='Resultats Reals'!$C$9,COUNTIF('Resultats Reals'!$E$2:$E$33,E23)>0),1,0))+IF(F23='Resultats Reals'!$C$11,2,IF(OR(F23='Resultats Reals'!$C$12,COUNTIF('Resultats Reals'!$E$2:$E$33,F23)>0),1,0))+IF(G23='Resultats Reals'!$C$14,2,IF(OR(G23='Resultats Reals'!$C$15,COUNTIF('Resultats Reals'!$E$2:$E$33,G23)>0),1,0))+IF(H23='Resultats Reals'!$C$17,2,IF(OR(H23='Resultats Reals'!$C$18,COUNTIF('Resultats Reals'!$E$2:$E$33,H23)>0),1,0))+IF(I23='Resultats Reals'!$C$20,2,IF(OR(I23='Resultats Reals'!$C$21,COUNTIF('Resultats Reals'!$E$2:$E$33,I23)>0),1,0))+IF(J23='Resultats Reals'!$C$23,2,IF(OR(J23='Resultats Reals'!$C$24,COUNTIF('Resultats Reals'!$E$2:$E$33,J23)>0),1,0))+IF(K23='Resultats Reals'!$C$26,2,IF(OR(K23='Resultats Reals'!$C$27,COUNTIF('Resultats Reals'!$E$2:$E$33,K23)>0),1,0))+IF(L23='Resultats Reals'!$C$29,2,IF(OR(L23='Resultats Reals'!$C$30,COUNTIF('Resultats Reals'!$E$2:$E$33,L23)>0),1,0))+IF(M23='Resultats Reals'!$C$32,2,IF(OR(M23='Resultats Reals'!$C$33,COUNTIF('Resultats Reals'!$E$2:$E$33,M23)>0),1,0))+IF(N23='Resultats Reals'!$C$35,2,IF(OR(N23='Resultats Reals'!$C$36,COUNTIF('Resultats Reals'!$E$2:$E$33,N23)>0),1,0)) -> 21 | BV23: =IF(O23='Resultats Reals'!$C$3,2,IF(OR(O23='Resultats Reals'!$C$2,COUNTIF('Resultats Reals'!$E$2:$E$33,O23)>0),1,0))+IF(P23='Resultats Reals'!$C$6,2,IF(OR(P23='Resultats Reals'!$C$5,COUNTIF('Resultats Reals'!$E$2:$E$33,P23)>0),1,0))+IF(Q23='Resultats Reals'!$C$9,2,IF(OR(Q23='Resultats Reals'!$C$8,COUNTIF('Resultats Reals'!$E$2:$E$33,Q23)>0),1,0))+IF(R23='Resultats Reals'!$C$12,2,IF(OR(R23='Resultats Reals'!$C$11,COUNTIF('Resultats Reals'!$E$2:$E$33,R23)>0),1,0))+IF(S23='Resultats Reals'!$C$15,2,IF(OR(S23='Resultats Reals'!$C$14,COUNTIF('Resultats Reals'!$E$2:$E$33,S23)>0),1,0))+IF(T23='Resultats Reals'!$C$18,2,IF(OR(T23='Resultats Reals'!$C$17,COUNTIF('Resultats Reals'!$E$2:$E$33,T23)>0),1,0))+IF(U23='Resultats Reals'!$C$21,2,IF(OR(U23='Resultats Reals'!$C$20,COUNTIF('Resultats Reals'!$E$2:$E$33,U23)>0),1,0))+IF(V23='Resultats Reals'!$C$24,2,IF(OR(V23='Resultats Reals'!$C$23,COUNTIF('Resultats Reals'!$E$2:$E$33,V23)>0),1,0))+IF(W23='Resultats Reals'!$C$27,2,IF(OR(W23='Resultats Reals'!$C$26,COUNTIF('Resultats Reals'!$E$2:$E$33,W23)>0),1,0))+IF(X23='Resultats Reals'!$C$30,2,IF(OR(X23='Resultats Reals'!$C$29,COUNTIF('Resultats Reals'!$E$2:$E$33,X23)>0),1,0))+IF(Y23='Resultats Reals'!$C$33,2,IF(OR(Y23='Resultats Reals'!$C$32,COUNTIF('Resultats Reals'!$E$2:$E$33,Y23)>0),1,0))+IF(Z23='Resultats Reals'!$C$36,2,IF(OR(Z23='Resultats Reals'!$C$35,COUNTIF('Resultats Reals'!$E$2:$E$33,Z23)>0),1,0)) -> 16 | BW23: =IF(AA23='Resultats Reals'!$C$4,IF(COUNTIF('Resultats Reals'!$E$2:$E$33,AA23)>0,2,0.5),IF(OR(AA23='Resultats Reals'!$C$2,AA23='Resultats Reals'!$C$3,COUNTIF('Resultats Reals'!$E$2:$E$33,AA23)>0),1,0))+IF(AB23='Resultats Reals'!$C$7,IF(COUNTIF('Resultats Reals'!$E$2:$E$33,AB23)>0,2,0.5),IF(OR(AB23='Resultats Reals'!$C$5,AB23='Resultats Reals'!$C$6,COUNTIF('Resultats Reals'!$E$2:$E$33,AB23)>0),1,0))+IF(AC23='Resultats Reals'!$C$10,IF(COUNTIF('Resultats Reals'!$E$2:$E$33,AC23)>0,2,0.5),IF(OR(AC23='Resultats Reals'!$C$8,AC23='Resultats Reals'!$C$9,COUNTIF('Resultats Reals'!$E$2:$E$33,AC23)>0),1,0))+IF(AD23='Resultats Reals'!$C$13,IF(COUNTIF('Resultats Reals'!$E$2:$E$33,AD23)>0,2,0.5),IF(OR(AD23='Resultats Reals'!$C$11,AD23='Resultats Reals'!$C$12,COUNTIF('Resultats Reals'!$E$2:$E$33,AD23)>0),1,0))+IF(AE23='Resultats Reals'!$C$16,IF(COUNTIF('Resultats Reals'!$E$2:$E$33,AE23)>0,2,0.5),IF(OR(AE23='Resultats Reals'!$C$14,AE23='Resultats Reals'!$C$15,COUNTIF('Resultats Reals'!$E$2:$E$33,AE23)>0),1,0))+IF(AF23='Resultats Reals'!$C$19,IF(COUNTIF('Resultats Reals'!$E$2:$E$33,AF23)>0,2,0.5),IF(OR(AF23='Resultats Reals'!$C$17,AF23='Resultats Reals'!$C$18,COUNTIF('Resultats Reals'!$E$2:$E$33,AF23)>0),1,0))+IF(AG23='Resultats Reals'!$C$22,IF(COUNTIF('Resultats Reals'!$E$2:$E$33,AG23)>0,2,0.5),IF(OR(AG23='Resultats Reals'!$C$20,AG23='Resultats Reals'!$C$21,COUNTIF('Resultats Reals'!$E$2:$E$33,AG23)>0),1,0))+IF(AH23='Resultats Reals'!$C$25,IF(COUNTIF('Resultats Reals'!$E$2:$E$33,AH23)>0,2,0.5),IF(OR(AH23='Resultats Reals'!$C$23,AH23='Resultats Reals'!$C$24,COUNTIF('Resultats Reals'!$E$2:$E$33,AH23)>0),1,0))+IF(AI23='Resultats Reals'!$C$28,IF(COUNTIF('Resultats Reals'!$E$2:$E$33,AI23)>0,2,0.5),IF(OR(AI23='Resultats Reals'!$C$26,AI23='Resultats Reals'!$C$27,COUNTIF('Resultats Reals'!$E$2:$E$33,AI23)>0),1,0))+IF(AJ23='Resultats Reals'!$C$31,IF(COUNTIF('Resultats Reals'!$E$2:$E$33,AJ23)>0,2,0.5),IF(OR(AJ23='Resultats Reals'!$C$29,AJ23='Resultats Reals'!$C$30,COUNTIF('Resultats Reals'!$E$2:$E$33,AJ23)>0),1,0))+IF(AK23='Resultats Reals'!$C$34,IF(COUNTIF('Resultats Reals'!$E$2:$E$33,AK23)>0,2,0.5),IF(OR(AK23='Resultats Reals'!$C$32,AK23='Resultats Reals'!$C$33,COUNTIF('Resultats Reals'!$E$2:$E$33,AK23)>0),1,0))+IF(AL23='Resultats Reals'!$C$37,IF(COUNTIF('Resultats Reals'!$E$2:$E$33,AL23)>0,2,0.5),IF(OR(AL23='Resultats Reals'!$C$35,AL23='Resultats Reals'!$C$36,COUNTIF('Resultats Reals'!$E$2:$E$33,AL23)>0),1,0)) -> 14.5 | BX23: =IF(COUNTIF('Resultats Reals'!$F$2:$F$17,AM23)>0,1,0)+IF(COUNTIF('Resultats Reals'!$F$2:$F$17,AN23)>0,1,0)+IF(COUNTIF('Resultats Reals'!$F$2:$F$17,AO23)>0,1,0)+IF(COUNTIF('Resultats Reals'!$F$2:$F$17,AP23)>0,1,0)+IF(COUNTIF('Resultats Reals'!$F$2:$F$17,AQ23)>0,1,0)+IF(COUNTIF('Resultats Reals'!$F$2:$F$17,AR23)>0,1,0)+IF(COUNTIF('Resultats Reals'!$F$2:$F$17,AS23)>0,1,0)+IF(COUNTIF('Resultats Reals'!$F$2:$F$17,AT23)>0,1,0)+IF(COUNTIF('Resultats Reals'!$F$2:$F$17,AU23)>0,1,0)+IF(COUNTIF('Resultats Reals'!$F$2:$F$17,AV23)>0,1,0)+IF(COUNTIF('Resultats Reals'!$F$2:$F$17,AW23)>0,1,0)+IF(COUNTIF('Resultats Reals'!$F$2:$F$17,AX23)>0,1,0)+IF(COUNTIF('Resultats Reals'!$F$2:$F$17,AY23)>0,1,0)+IF(COUNTIF('Resultats Reals'!$F$2:$F$17,AZ23)>0,1,0)+IF(COUNTIF('Resultats Reals'!$F$2:$F$17,BA23)>0,1,0)+IF(COUNTIF('Resultats Reals'!$F$2:$F$17,BB23)>0,1,0) -> 11 | BY23: =IF(COUNTIF('Resultats Reals'!$G$2:$G$9,BC23)>0,1,0)+IF(COUNTIF('Resultats Reals'!$G$2:$G$9,BD23)>0,1,0)+IF(COUNTIF('Resultats Reals'!$G$2:$G$9,BE23)>0,1,0)+IF(COUNTIF('Resultats Reals'!$G$2:$G$9,BF23)>0,1,0)+IF(COUNTIF('Resultats Reals'!$G$2:$G$9,BG23)>0,1,0)+IF(COUNTIF('Resultats Reals'!$G$2:$G$9,BH23)>0,1,0)+IF(COUNTIF('Resultats Reals'!$G$2:$G$9,BI23)>0,1,0)+IF(COUNTIF('Resultats Reals'!$G$2:$G$9,BJ23)>0,1,0) -> 4 | BZ23: =IF(COUNTIF('Resultats Reals'!$H$2:$H$5,BK23)>0,1,0)+IF(COUNTIF('Resultats Reals'!$H$2:$H$5,BL23)>0,1,0)+IF(COUNTIF('Resultats Reals'!$H$2:$H$5,BM23)>0,1,0)+IF(COUNTIF('Resultats Reals'!$H$2:$H$5,BN23)>0,1,0) -> 3 | CA23: =IF(COUNTIF('Resultats Reals'!$I$2:$I$3,BO23)>0,3,0)+IF(COUNTIF('Resultats Reals'!$I$2:$I$3,BP23)>0,3,0) -> 0 | CB23: =IF(BQ23='Resultats Reals'!$J$2,5,0) -> 0 | CC23: =IF(BS23='Resultats Reals'!$K$2,5,0) -> 0 | CD23: =IFERROR(VLOOKUP(BT23,'Resultats Reals'!$N$2:$O$100,2,FALSE),0) -> 4 | CE23: =IF(BR23='Resultats Reals'!$L$2,5,0) -> 0 | CF23: =SUM(BU23:CE23) -> 73.5
A24: Montse Revilla | B24: Obres | C24: Mèxic | D24: Suïssa | E24: Brasil | F24: Turquia | G24: Alemanya | H24: Països Baixos | I24: Bèlgica | J24: Espanya | K24: França | L24: Argentina | M24: Portugal | N24: Anglaterra | O24: Corea del Sud | P24: Canadà | Q24: Marroc | R24: Estats Units | S24: cote d'ivoire | T24: Japó | U24: Egipte | V24: Uruguai | W24: Senegal | X24: Àustria | Y24: Colòmbia | Z24: Croàcia | AA24: República Txeca | AB24: Bòsnia i Hercegovina | AC24: Escòcia | AD24: Austràlia | AE24: Equador | AF24: Suècia | AG24: Iran | AH24: Aràbia Saudita | AI24: Noruega | AJ24: Algèria | AK24: RD Congo | AL24: Ghana | AM24: Alemanya | AN24: França | AO24: Corea del Sud | AP24: Marroc | AQ24: Croàcia | AR24: Espanya | AS24: Turquia | AT24: Bèlgica | AU24: Brasil | AV24: Senegal | AW24: Mèxic | AX24: Anglaterra | AY24: Argentina | AZ24: Estats Units | BA24: Suïssa | BB24: Portugal | BC24: França | BD24: Marroc | BE24: Espanya | BF24: Bèlgica | BG24: Brasil | BH24: Anglaterra | BI24: Argentina | BJ24: Portugal | BK24: França | BL24: Espanya | BM24: Argentina | BN24: Anglaterra | BO24: Espanya | BP24: Anglaterra | BQ24: Espanya | BR24: 2026-01-03 | BS24: Lamine Yamal | BT24: Harry Kane | BU24: =IF(C24='Resultats Reals'!$C$2,2,IF(OR(C24='Resultats Reals'!$C$3,COUNTIF('Resultats Reals'!$E$2:$E$33,C24)>0),1,0))+IF(D24='Resultats Reals'!$C$5,2,IF(OR(D24='Resultats Reals'!$C$6,COUNTIF('Resultats Reals'!$E$2:$E$33,D24)>0),1,0))+IF(E24='Resultats Reals'!$C$8,2,IF(OR(E24='Resultats Reals'!$C$9,COUNTIF('Resultats Reals'!$E$2:$E$33,E24)>0),1,0))+IF(F24='Resultats Reals'!$C$11,2,IF(OR(F24='Resultats Reals'!$C$12,COUNTIF('Resultats Reals'!$E$2:$E$33,F24)>0),1,0))+IF(G24='Resultats Reals'!$C$14,2,IF(OR(G24='Resultats Reals'!$C$15,COUNTIF('Resultats Reals'!$E$2:$E$33,G24)>0),1,0))+IF(H24='Resultats Reals'!$C$17,2,IF(OR(H24='Resultats Reals'!$C$18,COUNTIF('Resultats Reals'!$E$2:$E$33,H24)>0),1,0))+IF(I24='Resultats Reals'!$C$20,2,IF(OR(I24='Resultats Reals'!$C$21,COUNTIF('Resultats Reals'!$E$2:$E$33,I24)>0),1,0))+IF(J24='Resultats Reals'!$C$23,2,IF(OR(J24='Resultats Reals'!$C$24,COUNTIF('Resultats Reals'!$E$2:$E$33,J24)>0),1,0))+IF(K24='Resultats Reals'!$C$26,2,IF(OR(K24='Resultats Reals'!$C$27,COUNTIF('Resultats Reals'!$E$2:$E$33,K24)>0),1,0))+IF(L24='Resultats Reals'!$C$29,2,IF(OR(L24='Resultats Reals'!$C$30,COUNTIF('Resultats Reals'!$E$2:$E$33,L24)>0),1,0))+IF(M24='Resultats Reals'!$C$32,2,IF(OR(M24='Resultats Reals'!$C$33,COUNTIF('Resultats Reals'!$E$2:$E$33,M24)>0),1,0))+IF(N24='Resultats Reals'!$C$35,2,IF(OR(N24='Resultats Reals'!$C$36,COUNTIF('Resultats Reals'!$E$2:$E$33,N24)>0),1,0)) -> 21 | BV24: =IF(O24='Resultats Reals'!$C$3,2,IF(OR(O24='Resultats Reals'!$C$2,COUNTIF('Resultats Reals'!$E$2:$E$33,O24)>0),1,0))+IF(P24='Resultats Reals'!$C$6,2,IF(OR(P24='Resultats Reals'!$C$5,COUNTIF('Resultats Reals'!$E$2:$E$33,P24)>0),1,0))+IF(Q24='Resultats Reals'!$C$9,2,IF(OR(Q24='Resultats Reals'!$C$8,COUNTIF('Resultats Reals'!$E$2:$E$33,Q24)>0),1,0))+IF(R24='Resultats Reals'!$C$12,2,IF(OR(R24='Resultats Reals'!$C$11,COUNTIF('Resultats Reals'!$E$2:$E$33,R24)>0),1,0))+IF(S24='Resultats Reals'!$C$15,2,IF(OR(S24='Resultats Reals'!$C$14,COUNTIF('Resultats Reals'!$E$2:$E$33,S24)>0),1,0))+IF(T24='Resultats Reals'!$C$18,2,IF(OR(T24='Resultats Reals'!$C$17,COUNTIF('Resultats Reals'!$E$2:$E$33,T24)>0),1,0))+IF(U24='Resultats Reals'!$C$21,2,IF(OR(U24='Resultats Reals'!$C$20,COUNTIF('Resultats Reals'!$E$2:$E$33,U24)>0),1,0))+IF(V24='Resultats Reals'!$C$24,2,IF(OR(V24='Resultats Reals'!$C$23,COUNTIF('Resultats Reals'!$E$2:$E$33,V24)>0),1,0))+IF(W24='Resultats Reals'!$C$27,2,IF(OR(W24='Resultats Reals'!$C$26,COUNTIF('Resultats Reals'!$E$2:$E$33,W24)>0),1,0))+IF(X24='Resultats Reals'!$C$30,2,IF(OR(X24='Resultats Reals'!$C$29,COUNTIF('Resultats Reals'!$E$2:$E$33,X24)>0),1,0))+IF(Y24='Resultats Reals'!$C$33,2,IF(OR(Y24='Resultats Reals'!$C$32,COUNTIF('Resultats Reals'!$E$2:$E$33,Y24)>0),1,0))+IF(Z24='Resultats Reals'!$C$36,2,IF(OR(Z24='Resultats Reals'!$C$35,COUNTIF('Resultats Reals'!$E$2:$E$33,Z24)>0),1,0)) -> 15 | BW24: =IF(AA24='Resultats Reals'!$C$4,IF(COUNTIF('Resultats Reals'!$E$2:$E$33,AA24)>0,2,0.5),IF(OR(AA24='Resultats Reals'!$C$2,AA24='Resultats Reals'!$C$3,COUNTIF('Resultats Reals'!$E$2:$E$33,AA24)>0),1,0))+IF(AB24='Resultats Reals'!$C$7,IF(COUNTIF('Resultats Reals'!$E$2:$E$33,AB24)>0,2,0.5),IF(OR(AB24='Resultats Reals'!$C$5,AB24='Resultats Reals'!$C$6,COUNTIF('Resultats Reals'!$E$2:$E$33,AB24)>0),1,0))+IF(AC24='Resultats Reals'!$C$10,IF(COUNTIF('Resultats Reals'!$E$2:$E$33,AC24)>0,2,0.5),IF(OR(AC24='Resultats Reals'!$C$8,AC24='Resultats Reals'!$C$9,COUNTIF('Resultats Reals'!$E$2:$E$33,AC24)>0),1,0))+IF(AD24='Resultats Reals'!$C$13,IF(COUNTIF('Resultats Reals'!$E$2:$E$33,AD24)>0,2,0.5),IF(OR(AD24='Resultats Reals'!$C$11,AD24='Resultats Reals'!$C$12,COUNTIF('Resultats Reals'!$E$2:$E$33,AD24)>0),1,0))+IF(AE24='Resultats Reals'!$C$16,IF(COUNTIF('Resultats Reals'!$E$2:$E$33,AE24)>0,2,0.5),IF(OR(AE24='Resultats Reals'!$C$14,AE24='Resultats Reals'!$C$15,COUNTIF('Resultats Reals'!$E$2:$E$33,AE24)>0),1,0))+IF(AF24='Resultats Reals'!$C$19,IF(COUNTIF('Resultats Reals'!$E$2:$E$33,AF24)>0,2,0.5),IF(OR(AF24='Resultats Reals'!$C$17,AF24='Resultats Reals'!$C$18,COUNTIF('Resultats Reals'!$E$2:$E$33,AF24)>0),1,0))+IF(AG24='Resultats Reals'!$C$22,IF(COUNTIF('Resultats Reals'!$E$2:$E$33,AG24)>0,2,0.5),IF(OR(AG24='Resultats Reals'!$C$20,AG24='Resultats Reals'!$C$21,COUNTIF('Resultats Reals'!$E$2:$E$33,AG24)>0),1,0))+IF(AH24='Resultats Reals'!$C$25,IF(COUNTIF('Resultats Reals'!$E$2:$E$33,AH24)>0,2,0.5),IF(OR(AH24='Resultats Reals'!$C$23,AH24='Resultats Reals'!$C$24,COUNTIF('Resultats Reals'!$E$2:$E$33,AH24)>0),1,0))+IF(AI24='Resultats Reals'!$C$28,IF(COUNTIF('Resultats Reals'!$E$2:$E$33,AI24)>0,2,0.5),IF(OR(AI24='Resultats Reals'!$C$26,AI24='Resultats Reals'!$C$27,COUNTIF('Resultats Reals'!$E$2:$E$33,AI24)>0),1,0))+IF(AJ24='Resultats Reals'!$C$31,IF(COUNTIF('Resultats Reals'!$E$2:$E$33,AJ24)>0,2,0.5),IF(OR(AJ24='Resultats Reals'!$C$29,AJ24='Resultats Reals'!$C$30,COUNTIF('Resultats Reals'!$E$2:$E$33,AJ24)>0),1,0))+IF(AK24='Resultats Reals'!$C$34,IF(COUNTIF('Resultats Reals'!$E$2:$E$33,AK24)>0,2,0.5),IF(OR(AK24='Resultats Reals'!$C$32,AK24='Resultats Reals'!$C$33,COUNTIF('Resultats Reals'!$E$2:$E$33,AK24)>0),1,0))+IF(AL24='Resultats Reals'!$C$37,IF(COUNTIF('Resultats Reals'!$E$2:$E$33,AL24)>0,2,0.5),IF(OR(AL24='Resultats Reals'!$C$35,AL24='Resultats Reals'!$C$36,COUNTIF('Resultats Reals'!$E$2:$E$33,AL24)>0),1,0)) -> 15 | BX24: =IF(COUNTIF('Resultats Reals'!$F$2:$F$17,AM24)>0,1,0)+IF(COUNTIF('Resultats Reals'!$F$2:$F$17,AN24)>0,1,0)+IF(COUNTIF('Resultats Reals'!$F$2:$F$17,AO24)>0,1,0)+IF(COUNTIF('Resultats Reals'!$F$2:$F$17,AP24)>0,1,0)+IF(COUNTIF('Resultats Reals'!$F$2:$F$17,AQ24)>0,1,0)+IF(COUNTIF('Resultats Reals'!$F$2:$F$17,AR24)>0,1,0)+IF(COUNTIF('Resultats Reals'!$F$2:$F$17,AS24)>0,1,0)+IF(COUNTIF('Resultats Reals'!$F$2:$F$17,AT24)>0,1,0)+IF(COUNTIF('Resultats Reals'!$F$2:$F$17,AU24)>0,1,0)+IF(COUNTIF('Resultats Reals'!$F$2:$F$17,AV24)>0,1,0)+IF(COUNTIF('Resultats Reals'!$F$2:$F$17,AW24)>0,1,0)+IF(COUNTIF('Resultats Reals'!$F$2:$F$17,AX24)>0,1,0)+IF(COUNTIF('Resultats Reals'!$F$2:$F$17,AY24)>0,1,0)+IF(COUNTIF('Resultats Reals'!$F$2:$F$17,AZ24)>0,1,0)+IF(COUNTIF('Resultats Reals'!$F$2:$F$17,BA24)>0,1,0)+IF(COUNTIF('Resultats Reals'!$F$2:$F$17,BB24)>0,1,0) -> 11 | BY24: =IF(COUNTIF('Resultats Reals'!$G$2:$G$9,BC24)>0,1,0)+IF(COUNTIF('Resultats Reals'!$G$2:$G$9,BD24)>0,1,0)+IF(COUNTIF('Resultats Reals'!$G$2:$G$9,BE24)>0,1,0)+IF(COUNTIF('Resultats Reals'!$G$2:$G$9,BF24)>0,1,0)+IF(COUNTIF('Resultats Reals'!$G$2:$G$9,BG24)>0,1,0)+IF(COUNTIF('Resultats Reals'!$G$2:$G$9,BH24)>0,1,0)+IF(COUNTIF('Resultats Reals'!$G$2:$G$9,BI24)>0,1,0)+IF(COUNTIF('Resultats Reals'!$G$2:$G$9,BJ24)>0,1,0) -> 6 | BZ24: =IF(COUNTIF('Resultats Reals'!$H$2:$H$5,BK24)>0,1,0)+IF(COUNTIF('Resultats Reals'!$H$2:$H$5,BL24)>0,1,0)+IF(COUNTIF('Resultats Reals'!$H$2:$H$5,BM24)>0,1,0)+IF(COUNTIF('Resultats Reals'!$H$2:$H$5,BN24)>0,1,0) -> 4 | CA24: =IF(COUNTIF('Resultats Reals'!$I$2:$I$3,BO24)>0,3,0)+IF(COUNTIF('Resultats Reals'!$I$2:$I$3,BP24)>0,3,0) -> 0 | CB24: =IF(BQ24='Resultats Reals'!$J$2,5,0) -> 0 | CC24: =IF(BS24='Resultats Reals'!$K$2,5,0) -> 0 | CD24: =IFERROR(VLOOKUP(BT24,'Resultats Reals'!$N$2:$O$100,2,FALSE),0) -> 6 | CE24: =IF(BR24='Resultats Reals'!$L$2,5,0) -> 0 | CF24: =SUM(BU24:CE24) -> 78
